EmployeeID,DistrictID,UnitID,RankID,DesignationID,KGID,FirstName,EmployeeDOB,GenderID,BloodGroupID,PhysicallyChallenged,AppointmentDate
1,28,193,10,5,KGID28000001,Aryan,1991-02-25,1,2,0,2015-11-19
2,24,165,10,6,KGID24000002,Yash,1994-12-07,1,4,0,2017-04-10
3,26,182,10,3,KGID26000003,Harsh,1975-10-02,1,7,0,2005-01-08
4,26,178,10,2,KGID26000004,Gagan,1992-07-13,1,6,0,2016-04-21
5,10,67,4,4,KGID10000005,Azad,1989-05-05,1,2,0,2012-06-21
6,15,105,8,2,KGID15000006,Tejas,1968-08-05,1,7,0,1995-09-24
7,13,90,6,4,KGID13000007,Avi,1976-02-07,1,2,0,2002-02-21
8,10,70,7,1,KGID10000008,Oni,1988-04-05,1,7,0,2012-11-08
9,28,192,6,1,KGID28000009,Arunima,1975-08-26,1,5,0,2001-10-14
10,30,206,8,3,KGID30000010,Abeer,1997-06-11,1,3,0,2025-06-01
11,12,83,3,4,KGID12000011,Nathaniel,1995-07-28,1,1,0,2025-03-26
12,2,12,6,2,KGID02000012,Harini,1993-04-29,1,6,0,2018-04-24
13,22,151,9,6,KGID22000013,Tanveer,1977-10-10,1,4,0,2001-05-12
14,23,162,10,6,KGID23000014,Gayathri,2002-11-29,1,3,0,2021-12-08
15,4,29,7,1,KGID04000015,Lajita,1971-04-11,1,7,0,1994-12-22
16,17,117,9,6,KGID17000016,Hemangini,1971-01-27,1,1,0,1998-12-28
17,5,36,7,2,KGID05000017,Caleb,1989-10-31,1,5,0,2019-01-02
18,20,138,10,5,KGID20000018,Jeet,1994-06-30,1,2,0,2022-02-03
19,13,91,6,4,KGID13000019,Kritika,2003-07-02,1,3,0,2024-03-08
20,23,160,5,8,KGID23000020,Chaaya,1970-05-29,1,2,0,1996-01-10
21,14,94,10,3,KGID14000021,Janaki,1998-03-08,1,8,0,2025-07-13
22,23,161,7,1,KGID23000022,Ekaraj,1988-11-08,1,3,0,2018-03-28
23,26,183,9,3,KGID26000023,Vedant,1969-03-10,1,4,0,1997-03-21
24,18,122,2,8,KGID18000024,Fariq,1996-02-06,2,8,0,2022-12-30
25,10,69,10,2,KGID10000025,Harrison,1999-02-21,1,4,1,2020-03-15
26,31,214,8,3,KGID31000026,Sudiksha,1981-07-23,2,6,0,2004-04-19
27,11,73,10,6,KGID11000027,Janya,1991-01-06,1,8,0,2015-05-27
28,21,144,6,1,KGID21000028,Isha,1973-07-06,1,7,0,1996-07-21
29,18,125,9,2,KGID18000029,Amara,1975-03-31,1,2,0,2004-10-12
30,15,103,6,1,KGID15000030,Ekbal,1993-06-18,1,8,0,2018-03-27
31,8,56,10,3,KGID08000031,Onveer,1990-01-12,1,2,0,2012-11-10
32,24,164,6,1,KGID24000032,Yash,1987-04-04,1,8,0,2011-11-22
33,18,122,5,1,KGID18000033,Ladli,1973-07-16,1,7,0,1999-10-10
34,20,138,10,6,KGID20000034,Theodore,1977-06-25,1,4,0,2001-03-15
35,25,175,7,1,KGID25000035,Daksh,1992-10-28,1,8,0,2018-04-29
36,23,160,10,2,KGID23000036,Azad,1975-12-20,1,2,0,2000-01-14
37,11,73,9,3,KGID11000037,Nandini,1997-04-13,1,2,0,2025-10-04
38,25,176,8,5,KGID25000038,Siddharth,1977-05-26,1,6,0,2002-04-23
39,17,120,10,5,KGID17000039,Divya,2001-04-13,2,2,1,2022-11-13
40,27,188,1,4,KGID27000040,Xalak,1975-05-12,1,5,0,1998-03-02
41,15,106,6,1,KGID15000041,Tara,1982-02-17,1,8,0,2008-04-04
42,31,213,10,2,KGID31000042,Liam,1972-10-11,1,5,0,2002-04-02
43,5,33,5,1,KGID05000043,Adya,1976-08-14,1,2,0,2001-07-27
44,7,48,10,3,KGID07000044,Priya,1995-02-18,1,5,0,2020-12-17
45,11,77,5,1,KGID11000045,Mohini,2000-09-18,1,5,0,2023-09-26
46,15,102,7,2,KGID15000046,Lakshit,1980-11-20,1,7,0,2004-09-06
47,5,35,10,3,KGID05000047,Gavin,1986-05-07,1,6,0,2014-06-13
48,7,46,9,2,KGID07000048,Imaran,1995-06-17,1,1,0,2020-11-24
49,9,64,7,1,KGID09000049,Nathaniel,1973-02-23,1,7,0,1999-02-05
50,7,48,5,1,KGID07000050,Pahal,1996-10-19,2,3,0,2020-08-09
51,2,10,10,5,KGID02000051,Lekha,1989-07-24,1,4,0,2016-02-29
52,30,211,10,2,KGID30000052,Upadhriti,1981-08-12,1,8,0,2008-11-15
53,10,70,10,3,KGID10000053,Advay,1987-01-26,1,2,0,2013-07-10
54,12,85,9,6,KGID12000054,Ishwar,1992-08-31,2,6,0,2022-04-09
55,5,36,6,2,KGID05000055,Amara,1992-09-19,1,5,0,2016-09-14
56,26,180,9,5,KGID26000056,Harini,1995-12-07,1,2,0,2022-10-23
57,25,174,10,2,KGID25000057,Radhika,1971-08-15,1,4,0,2001-07-21
58,3,22,4,4,KGID03000058,Aarush,1973-05-06,1,2,0,2002-04-26
59,13,91,9,6,KGID13000059,Adya,2002-10-14,1,3,0,2021-11-25
60,29,201,4,8,KGID29000060,Pranav,2003-06-16,1,7,0,2019-07-06
61,1,3,10,3,KGID01000061,Hitesh,1986-04-12,1,6,0,2013-01-30
62,19,134,7,2,KGID19000062,Chanchal,1999-09-15,1,5,0,2023-08-05
63,28,192,8,2,KGID28000063,Yashica,1998-08-21,1,4,0,2023-04-04
64,7,46,10,3,KGID07000064,Michael,1990-01-10,1,2,0,2017-05-04
65,27,190,8,6,KGID27000065,Neel,1981-04-30,1,3,0,2008-11-08
66,1,4,5,1,KGID01000066,Aadi,1987-06-14,1,8,0,2014-03-15
67,11,76,5,1,KGID11000067,Vrinda,1989-08-27,1,8,0,2016-10-03
68,24,169,8,6,KGID24000068,Janani,1968-03-19,1,7,0,1997-01-25
69,24,166,9,3,KGID24000069,Damyanti,2000-01-03,1,4,0,2021-05-14
70,12,84,7,2,KGID12000070,Wridesh,1976-05-09,1,8,0,2005-05-14
71,13,88,10,5,KGID13000071,Farhan,1999-12-25,2,2,0,2025-07-20
72,10,71,9,3,KGID10000072,Vedika,1970-08-30,1,7,0,2000-07-26
73,24,164,9,2,KGID24000073,Jeremiah,1997-09-08,1,7,0,2021-12-28
74,25,176,4,1,KGID25000074,Vaishnavi,1972-03-30,1,1,0,2000-09-07
75,13,91,7,2,KGID13000075,Noah,2002-07-12,1,4,0,2020-04-16
76,12,83,9,2,KGID12000076,Pallavi,1977-04-20,1,7,0,2003-08-24
77,20,141,5,8,KGID20000077,Sai,2003-03-06,2,1,0,2026-02-10
78,19,130,10,6,KGID19000078,Mohini,1993-11-15,1,7,0,2017-11-23
79,20,138,10,6,KGID20000079,Kashvi,2004-04-25,1,2,0,2021-09-08
80,24,164,10,5,KGID24000080,Zansi,1983-09-14,1,1,0,2008-03-14
81,11,76,10,2,KGID11000081,Yug,1984-03-13,1,3,0,2013-02-23
82,5,36,8,3,KGID05000082,Hamsini,1975-10-22,1,6,0,2003-01-02
83,26,183,4,8,KGID26000083,Victor,1968-04-09,1,3,0,1991-07-17
84,5,34,8,5,KGID05000084,Abhimanyu,1989-04-07,1,7,0,2017-09-15
85,31,216,10,3,KGID31000085,Daniel,1970-02-13,1,5,0,1993-03-31
86,26,181,6,4,KGID26000086,Azad,1975-12-19,1,7,0,1998-05-30
87,3,22,9,5,KGID03000087,Ekavir,1999-04-20,1,8,0,2021-06-04
88,16,110,8,6,KGID16000088,Arya,1986-07-08,1,3,0,2016-06-07
89,28,196,10,6,KGID28000089,Tanish,1992-03-31,1,5,0,2019-06-12
90,11,75,6,1,KGID11000090,Urvashi,1987-06-12,2,4,0,2012-07-22
91,25,172,8,6,KGID25000091,Urvashi,1976-06-26,1,6,0,2002-03-29
92,10,66,9,5,KGID10000092,Ranveer,1997-05-16,1,5,0,2023-03-05
93,23,157,4,1,KGID23000093,Raagini,1970-12-25,1,8,0,1995-09-03
94,11,74,7,2,KGID11000094,Nirja,1980-08-08,1,2,0,2007-08-12
95,18,123,7,2,KGID18000095,Chatura,1984-10-09,1,8,0,2014-03-15
96,15,105,9,5,KGID15000096,Guneet,1992-05-29,1,5,0,2018-05-04
97,10,71,10,3,KGID10000097,Harinakshi,1969-09-26,1,3,0,1995-04-05
98,21,146,10,5,KGID21000098,Ikbal,1997-02-12,1,5,0,2020-03-24
99,8,55,10,3,KGID08000099,Ranveer,1976-09-10,1,1,0,2001-10-02
100,30,210,4,8,KGID30000100,Logan,1987-05-03,1,1,0,2014-10-28
101,21,143,9,5,KGID21000101,Arya,1983-02-07,2,5,0,2007-02-26
102,21,145,10,2,KGID21000102,Faqid,1984-08-11,1,1,0,2011-02-02
103,25,171,4,1,KGID25000103,Guneet,1983-11-21,1,7,0,2008-08-27
104,27,187,10,6,KGID27000104,Alexander,1969-05-13,2,5,0,1996-05-26
105,19,130,10,2,KGID19000105,Warjas,2003-05-07,2,4,0,2025-04-20
106,12,81,8,3,KGID12000106,Vedika,1973-08-24,1,2,0,1998-04-27
107,18,124,9,6,KGID18000107,Nandini,1985-04-21,1,5,0,2010-07-21
108,30,211,6,1,KGID30000108,Nitesh,2000-11-19,2,4,0,2023-10-18
109,24,165,10,3,KGID24000109,Madhavi,1981-07-07,1,2,0,2006-06-24
110,14,94,8,5,KGID14000110,Suhani,1977-04-22,1,5,0,2004-03-19
111,12,83,9,6,KGID12000111,Vidhi,1978-01-18,1,1,0,2004-12-10
112,14,98,8,2,KGID14000112,Chaman,1973-03-22,1,1,0,1996-03-25
113,29,203,6,4,KGID29000113,Dalbir,1975-07-20,1,3,0,1997-12-25
114,28,196,9,5,KGID28000114,Darsh,1988-12-03,3,7,0,2012-12-10
115,21,148,4,4,KGID21000115,Dakshesh,1995-03-03,1,6,0,2021-01-20
116,7,50,10,6,KGID07000116,Vansha,1969-05-07,1,7,0,1994-07-25
117,24,166,10,2,KGID24000117,Nakul,1986-02-06,1,2,0,2011-08-12
118,18,123,6,1,KGID18000118,Yashoda,1969-08-06,1,8,0,1998-12-15
119,9,59,9,6,KGID09000119,Quincy,1970-06-16,1,1,0,1999-06-15
120,24,166,10,5,KGID24000120,Ekansh,1970-01-11,2,8,0,1996-12-04
121,27,190,8,3,KGID27000121,Wahab,1992-06-23,1,1,0,2022-06-03
122,4,29,10,2,KGID04000122,Yatin,1982-06-08,2,3,0,2009-08-05
123,31,216,10,5,KGID31000123,Balveer,1988-11-30,1,8,0,2015-07-23
124,24,167,10,3,KGID24000124,Oni,1990-05-30,1,3,0,2019-02-12
125,12,84,7,2,KGID12000125,Diya,1991-10-26,2,5,0,2017-08-12
126,13,87,7,2,KGID13000126,Samarth,2002-01-29,1,8,0,2025-09-23
127,24,167,7,2,KGID24000127,Dipta,1992-04-10,2,4,0,2019-05-14
128,11,74,8,3,KGID11000128,Meghana,1976-04-28,1,8,0,2002-11-30
129,17,116,9,3,KGID17000129,Charita,1972-05-02,2,3,0,1999-11-15
130,26,179,10,2,KGID26000130,Elijah,1984-05-30,1,8,0,2011-05-02
131,7,45,9,3,KGID07000131,Harish,1967-11-02,1,5,0,1990-08-29
132,30,209,9,2,KGID30000132,Tanay,1970-03-16,1,7,0,1995-11-15
133,27,189,7,2,KGID27000133,Kevin,1986-03-19,1,2,0,2014-04-07
134,30,207,5,1,KGID30000134,Ekapad,2002-01-10,1,2,0,2025-01-09
135,31,213,6,2,KGID31000135,Kala,2000-01-11,1,1,0,2023-11-17
136,3,19,10,5,KGID03000136,Raksha,1978-01-14,1,7,0,2004-11-07
137,8,56,10,2,KGID08000137,Chasmum,1998-05-06,1,4,0,2022-02-15
138,25,176,10,6,KGID25000138,Abhiram,1990-02-15,1,5,0,2019-04-06
139,20,141,5,8,KGID20000139,Chandani,1992-03-16,1,8,0,2020-04-26
140,26,178,10,6,KGID26000140,Hemang,2001-12-20,1,5,0,2023-08-11
141,17,117,6,1,KGID17000141,Krish,2002-03-27,1,5,0,2022-02-19
142,13,90,10,6,KGID13000142,Hredhaan,1977-04-12,1,1,0,2002-05-05
143,22,151,6,2,KGID22000143,Nachiket,1994-12-18,1,6,0,2019-07-12
144,9,59,8,3,KGID09000144,Shivansh,1977-07-27,1,1,0,2006-08-07
145,19,133,10,5,KGID19000145,Samar,1994-01-17,1,5,0,2017-07-03
146,18,126,10,3,KGID18000146,Aishani,1992-12-06,1,6,0,2020-12-18
147,12,83,6,2,KGID12000147,Zayan,1986-03-12,2,5,0,2013-07-31
148,15,103,6,2,KGID15000148,Charan,2000-12-28,1,4,0,2023-10-27
149,31,218,7,2,KGID31000149,Pallavi,1970-11-28,1,7,0,1999-02-21
150,23,162,10,5,KGID23000150,Chaitanya,1998-03-07,1,7,0,2018-11-16
151,16,113,10,3,KGID16000151,Kalpit,1967-08-16,1,6,0,1994-11-23
152,10,68,8,6,KGID10000152,Adweta,1991-01-25,1,7,0,2020-11-29
153,2,15,4,4,KGID02000153,Riya,1973-06-21,1,4,0,2000-12-23
154,6,42,9,5,KGID06000154,Prisha,1987-11-27,2,7,0,2017-05-29
155,7,48,6,4,KGID07000155,Isaac,1988-03-31,1,7,0,2011-05-05
156,12,85,10,5,KGID12000156,Manthan,1970-04-11,1,4,0,1994-09-11
157,5,32,3,8,KGID05000157,Kala,1987-09-06,2,6,0,2015-10-09
158,12,84,10,2,KGID12000158,Manbir,1989-01-17,1,4,0,2016-02-17
159,26,180,3,4,KGID26000159,Benjamin,1983-05-25,1,3,0,2009-02-13
160,9,63,10,3,KGID09000160,Balveer,1978-11-25,1,4,0,2007-06-17
161,7,46,7,1,KGID07000161,Shivansh,2000-10-02,1,3,0,2025-11-05
162,24,164,10,3,KGID24000162,Harshil,1992-09-24,1,1,0,2015-12-13
163,16,109,7,1,KGID16000163,Niharika,1980-07-30,1,3,0,2009-03-01
164,6,40,7,1,KGID06000164,Mohammed,2003-07-12,1,6,0,2026-03-23
165,5,34,9,3,KGID05000165,Warjas,2001-09-30,1,5,0,2025-12-05
166,2,11,10,6,KGID02000166,Peter,1999-06-27,1,2,0,2025-12-22
167,19,134,10,2,KGID19000167,Aryan,2000-02-09,1,2,0,2025-09-14
168,27,188,8,5,KGID27000168,Gaurangi,1974-02-17,3,5,0,2000-05-21
169,26,182,9,2,KGID26000169,Nisha,1996-06-10,1,4,0,2025-10-07
170,10,70,9,6,KGID10000170,Yuvraj,1997-03-06,1,2,0,2023-08-20
171,14,96,8,5,KGID14000171,Hritik,1977-05-13,1,8,0,2001-01-22
172,4,27,10,2,KGID04000172,Balvan,1981-08-25,1,1,0,2007-10-24
173,24,169,8,2,KGID24000173,Tristan,1999-04-06,1,7,0,2025-11-07
174,31,217,10,5,KGID31000174,Triveni,1974-11-17,1,2,0,2003-08-06
175,10,66,10,6,KGID10000175,Vedant,1980-06-06,1,6,0,2004-12-05
176,16,112,10,5,KGID16000176,Reyansh,1975-09-28,1,7,0,2004-02-29
177,27,188,8,2,KGID27000177,Arya,1982-03-28,2,5,0,2011-01-19
178,12,83,7,2,KGID12000178,Arya,1999-06-23,1,3,0,2025-04-08
179,25,171,8,2,KGID25000179,Yashodhara,1980-06-26,1,1,0,2004-01-23
180,23,160,10,6,KGID23000180,Garima,1982-04-13,1,6,0,2009-05-09
181,14,99,7,1,KGID14000181,Jack,2002-03-31,1,1,0,2024-10-26
182,12,83,9,6,KGID12000182,Advika,1999-12-12,1,5,0,2019-08-10
183,22,155,10,6,KGID22000183,Alka,1974-02-06,1,8,0,1997-04-30
184,14,94,10,6,KGID14000184,Radha,1968-11-28,1,4,0,1997-08-12
185,10,66,7,2,KGID10000185,Dipta,1980-04-13,1,1,0,2005-07-06
186,19,131,10,6,KGID19000186,Yasti,1983-08-22,1,6,0,2011-08-06
187,2,14,9,6,KGID02000187,Ranveer,1971-10-09,1,7,0,1994-08-17
188,31,214,8,5,KGID31000188,Rajata,1976-12-01,1,6,0,2000-03-11
189,27,187,9,5,KGID27000189,Ronith,1967-07-22,1,2,0,1990-07-11
190,26,178,9,2,KGID26000190,Ekaraj,1980-12-20,1,6,0,2007-05-24
191,8,53,10,2,KGID08000191,Ganga,2002-08-09,1,6,0,2020-09-11
192,28,195,6,1,KGID28000192,Jeet,1990-07-20,1,4,0,2013-09-08
193,7,48,7,1,KGID07000193,Charita,1994-02-15,2,8,0,2018-02-04
194,25,171,7,2,KGID25000194,Nilima,1986-04-04,2,6,0,2015-11-17
195,27,189,10,6,KGID27000195,Chakrika,1979-07-25,1,5,0,2002-04-24
196,26,179,10,2,KGID26000196,Rehaan,1988-01-03,1,1,0,2013-06-21
197,13,88,10,2,KGID13000197,Ladli,1983-01-19,1,7,0,2011-12-07
198,24,167,4,8,KGID24000198,Owen,1992-07-21,1,4,0,2014-12-31
199,21,144,9,2,KGID21000199,Charvi,1990-04-08,1,6,0,2017-04-21
200,4,27,9,3,KGID04000200,Aadi,1982-07-09,1,8,0,2004-12-10
201,23,159,9,3,KGID23000201,Shivansh,1978-09-26,1,5,0,2004-10-19
202,15,103,7,1,KGID15000202,Ekanta,1983-05-26,1,2,0,2012-06-16
203,24,168,7,2,KGID24000203,Riya,1984-09-12,1,3,0,2009-07-05
204,25,176,8,5,KGID25000204,Yasti,1992-06-29,2,7,0,2017-12-15
205,31,214,5,4,KGID31000205,Omkaar,1985-01-01,1,6,0,2013-04-03
206,29,202,7,1,KGID29000206,Bhanumati,1991-11-15,1,6,0,2021-02-06
207,14,95,10,3,KGID14000207,Gautami,1986-07-26,2,8,0,2012-05-19
208,6,43,10,5,KGID06000208,Wahab,1970-12-13,1,1,0,1994-01-25
209,27,187,10,6,KGID27000209,Umang,1992-05-21,1,3,0,2016-02-06
210,2,15,9,3,KGID02000210,Manan,1997-05-03,1,8,0,2024-04-20
211,11,74,10,6,KGID11000211,Yash,1968-05-25,1,8,0,1992-07-22
212,13,87,7,2,KGID13000212,Elijah,2003-11-25,1,3,0,2024-03-05
213,3,18,8,5,KGID03000213,Robert,1984-05-05,2,2,0,2012-07-18
214,7,50,10,3,KGID07000214,Leena,1994-01-27,1,4,0,2020-12-17
215,15,106,5,4,KGID15000215,Yagnesh,1985-10-14,1,6,0,2008-05-14
216,4,26,9,2,KGID04000216,Abdul,1972-12-14,2,6,0,1998-07-06
217,6,43,10,6,KGID06000217,Hredhaan,2000-07-10,1,8,0,2024-11-09
218,1,4,5,1,KGID01000218,Theodore,1996-04-18,1,3,0,2021-02-24
219,26,183,9,2,KGID26000219,Zarna,1974-01-01,1,2,0,1999-03-21
220,18,127,8,6,KGID18000220,Zaid,1984-09-06,1,8,0,2007-05-16
221,1,7,8,3,KGID01000221,Jairaj,2001-06-10,1,1,0,2025-01-13
222,11,74,8,3,KGID11000222,Ucchal,1984-05-20,1,6,0,2013-10-26
223,23,159,9,2,KGID23000223,Edhitha,1992-03-12,1,1,0,2018-07-23
224,16,113,10,2,KGID16000224,Saanvi,2002-08-24,1,2,0,2025-08-28
225,15,102,10,5,KGID15000225,Yamini,1990-02-28,1,3,0,2018-04-08
226,30,207,9,6,KGID30000226,Sanaya,1983-04-14,1,3,0,2012-05-08
227,20,139,10,3,KGID20000227,Vaishnavi,2000-09-09,1,1,0,2023-03-02
228,14,95,9,6,KGID14000228,Yug,1984-02-23,1,4,0,2008-12-20
229,3,17,6,2,KGID03000229,Aradhana,1998-07-27,1,6,0,2023-08-14
230,18,122,7,2,KGID18000230,Vedhika,1995-10-30,2,8,0,2021-08-12
231,16,112,5,8,KGID16000231,Anvi,1990-09-07,1,7,0,2015-08-29
232,26,182,2,4,KGID26000232,Bhavika,1983-10-08,1,2,0,2011-11-14
233,29,200,10,6,KGID29000233,Gautami,1976-03-03,1,3,0,2004-11-29
234,15,106,9,5,KGID15000234,Faris,1979-04-28,3,5,0,2008-03-14
235,3,19,10,6,KGID03000235,Vihaan,1972-08-12,1,3,0,1998-09-03
236,7,45,6,4,KGID07000236,Michael,1981-08-31,1,2,0,2008-07-24
237,28,195,9,6,KGID28000237,Devansh,1993-08-19,1,3,0,2021-12-23
238,16,112,9,2,KGID16000238,Ganga,1982-11-04,1,6,0,2011-04-06
239,28,196,10,2,KGID28000239,Ojasvi,1987-07-28,1,8,0,2009-11-05
240,24,169,10,5,KGID24000240,Osha,1969-10-18,1,5,0,1999-09-04
241,21,148,10,3,KGID21000241,Anmol,1981-11-26,1,8,0,2004-09-19
242,30,206,4,4,KGID30000242,Lajita,1999-03-12,1,5,0,2022-07-08
243,7,49,7,1,KGID07000243,Indira,1985-02-21,1,2,0,2011-03-07
244,6,43,10,6,KGID06000244,Madhavi,1978-07-17,1,6,0,2000-10-26
245,24,167,10,2,KGID24000245,Oni,1999-01-27,1,8,0,2021-10-17
246,18,124,6,1,KGID18000246,Thomas,1987-05-30,2,2,0,2010-10-19
247,30,206,9,3,KGID30000247,Anjali,1985-07-23,1,3,0,2013-09-22
248,6,41,9,2,KGID06000248,Ayush,1983-08-15,1,5,0,2006-12-30
249,14,98,5,1,KGID14000249,Nidhi,1981-11-18,2,5,0,2007-09-30
250,11,77,10,5,KGID11000250,Unni,1994-04-16,1,2,0,2017-09-04
251,8,53,8,3,KGID08000251,Avi,2001-07-08,1,6,0,2025-06-03
252,25,171,10,2,KGID25000252,Avi,2001-01-19,1,5,0,2023-12-12
253,25,173,9,2,KGID25000253,Priya,1970-08-07,2,5,0,1998-03-02
254,13,92,9,6,KGID13000254,Triya,1972-07-06,1,1,0,1997-10-31
255,18,126,9,3,KGID18000255,Abha,1974-03-21,1,6,0,2000-01-07
256,14,97,7,2,KGID14000256,Siddharth,1981-07-09,1,6,0,2007-12-23
257,5,34,10,6,KGID05000257,Geetika,1984-04-26,1,4,0,2007-09-04
258,3,17,10,6,KGID03000258,Ladli,1995-08-30,1,3,0,2024-07-18
259,25,174,7,1,KGID25000259,Oviya,1977-10-15,1,8,0,2001-07-23
260,14,94,9,2,KGID14000260,Finn,1976-10-29,1,4,0,2003-03-22
261,16,108,10,5,KGID16000261,Charles,1984-11-23,1,8,0,2012-06-06
262,1,5,6,2,KGID01000262,Inaya,2004-06-28,1,7,0,2023-06-13
263,18,122,10,3,KGID18000263,Ekapad,1975-10-16,1,2,0,2001-11-02
264,20,137,7,2,KGID20000264,Banjeet,1996-05-26,1,2,0,2025-05-16
265,5,31,9,5,KGID05000265,Yug,1995-05-27,2,3,0,2023-08-22
266,22,154,9,2,KGID22000266,Anmol,1974-11-14,1,6,0,1997-05-12
267,23,157,9,3,KGID23000267,William,1990-06-26,2,6,0,2016-02-23
268,27,186,7,2,KGID27000268,Ishwar,1972-02-29,1,8,0,2000-10-20
269,13,91,9,2,KGID13000269,Tejas,1988-05-12,1,2,0,2014-06-23
270,25,176,10,2,KGID25000270,Aahana,1984-09-12,1,4,0,2013-05-17
271,25,176,9,6,KGID25000271,Oliver,1995-11-14,1,4,0,2019-07-06
272,30,211,10,2,KGID30000272,Ishwar,1989-11-29,1,3,0,2016-11-03
273,9,63,9,6,KGID09000273,Nihal,1996-04-09,1,4,0,2018-12-15
274,29,200,9,6,KGID29000274,Hritik,2003-03-11,1,6,0,2024-06-21
275,29,204,7,2,KGID29000275,Devika,1988-11-26,1,4,0,2017-09-23
276,13,91,10,5,KGID13000276,Keya,1988-10-18,1,8,0,2014-01-08
277,15,106,8,5,KGID15000277,Rushil,1982-03-03,1,7,0,2007-05-19
278,17,120,6,1,KGID17000278,Xavier,1970-04-22,1,2,0,1995-07-19
279,19,134,8,6,KGID19000279,Charvi,1971-04-07,1,5,0,1995-08-25
280,30,210,10,2,KGID30000280,Jai,1998-12-15,1,1,0,2019-11-01
281,23,160,10,3,KGID23000281,Benjamin,1996-12-15,1,6,0,2019-07-13
282,5,32,7,1,KGID05000282,Priya,1980-05-04,2,3,0,2002-05-20
283,21,144,9,3,KGID21000283,Ekapad,1991-12-21,1,1,0,2017-03-05
284,4,28,8,3,KGID04000284,Harita,1986-03-20,1,1,0,2014-03-14
285,8,54,9,3,KGID08000285,Osha,1967-12-17,3,7,0,1990-05-08
286,8,57,5,4,KGID08000286,Hitesh,1997-12-02,1,2,0,2020-04-28
287,15,102,10,6,KGID15000287,Janaki,1983-07-15,1,8,0,2007-01-09
288,5,35,10,6,KGID05000288,Tripti,1991-01-04,1,3,0,2020-04-06
289,15,103,6,4,KGID15000289,Radhika,1993-08-31,1,3,0,2023-03-19
290,28,193,5,4,KGID28000290,Anamika,1974-01-04,1,7,0,2001-10-09
291,8,57,3,8,KGID08000291,Veda,1990-04-14,2,1,0,2015-11-24
292,11,73,9,5,KGID11000292,Amrita,1984-09-10,1,1,0,2010-05-17
293,16,110,7,1,KGID16000293,Yatan,1979-06-02,1,5,0,2008-11-21
294,30,207,9,5,KGID30000294,Gabriel,1998-03-26,1,5,0,2025-02-05
295,10,68,10,3,KGID10000295,Shravya,1977-10-24,1,6,0,2005-02-27
296,24,166,5,8,KGID24000296,Ucchal,1976-07-07,1,4,0,2005-12-12
297,26,180,6,1,KGID26000297,Ladli,1988-07-30,1,6,0,2016-06-15
298,25,171,10,3,KGID25000298,Warda,1979-12-10,1,3,0,2008-05-06
299,23,158,9,3,KGID23000299,Qabil,1998-12-24,1,8,0,2020-12-06
300,20,138,10,6,KGID20000300,Isha,1985-07-14,1,8,0,2012-08-22
301,14,94,7,2,KGID14000301,Harini,1997-01-05,1,4,0,2021-11-07
302,2,15,9,2,KGID02000302,Anya,1977-11-03,3,2,0,2005-11-22
303,21,143,10,6,KGID21000303,Zansi,1988-01-22,1,7,0,2012-01-23
304,17,116,9,6,KGID17000304,Frederick,2002-07-29,1,3,0,2025-07-07
305,15,106,10,6,KGID15000305,Niharika,1976-06-03,1,4,0,2004-05-03
306,1,8,3,8,KGID01000306,Wridesh,1985-07-28,1,7,0,2015-02-09
307,10,70,10,5,KGID10000307,Vritti,1993-01-17,1,2,0,2016-10-08
308,29,200,9,2,KGID29000308,Anay,1984-01-29,1,2,0,2008-10-04
309,20,136,8,2,KGID20000309,Timothy,1970-12-08,1,7,0,1995-08-31
310,24,164,10,2,KGID24000310,Yagnesh,1982-06-16,1,5,0,2006-01-04
311,25,174,10,5,KGID25000311,Jyoti,1978-10-28,1,3,0,2003-06-19
312,23,158,10,5,KGID23000312,Hemangini,1985-01-02,1,3,0,2010-01-28
313,19,130,8,2,KGID19000313,Ganga,1983-03-28,2,7,0,2009-01-30
314,14,97,7,2,KGID14000314,Sudiksha,1980-07-05,1,3,0,2004-03-02
315,21,144,10,3,KGID21000315,Zayan,1977-07-08,1,3,0,2002-11-15
316,3,19,8,6,KGID03000316,Reyansh,1976-01-09,1,7,0,2004-04-03
317,9,63,10,2,KGID09000317,Qasim,1979-03-03,1,2,0,2006-03-13
318,9,59,10,6,KGID09000318,Veda,1974-07-31,1,1,0,2004-02-13
319,9,59,6,4,KGID09000319,Barkha,1977-09-21,1,8,0,2007-03-28
320,15,102,10,2,KGID15000320,Rishi,2003-10-10,2,2,0,2024-04-13
321,21,145,5,8,KGID21000321,Jalsa,1978-06-15,1,7,0,2007-03-20
322,24,167,10,5,KGID24000322,Akshay,1974-02-18,1,6,0,2000-05-21
323,16,110,9,6,KGID16000323,Jonathan,1993-09-09,1,8,0,2020-11-24
324,14,97,5,4,KGID14000324,Chatura,1977-08-23,1,4,0,2003-02-19
325,1,7,10,6,KGID01000325,Jonathan,1987-12-20,1,6,0,2013-04-06
326,25,172,6,2,KGID25000326,Vritti,1991-02-04,1,6,0,2019-04-03
327,21,148,4,8,KGID21000327,Advik,1971-04-16,1,6,0,1998-10-10
328,31,217,9,3,KGID31000328,Upasna,1988-09-25,3,1,0,2016-10-18
329,4,25,4,8,KGID04000329,Harini,1985-03-16,1,7,0,2007-09-25
330,27,190,10,3,KGID27000330,Charan,1974-04-25,1,8,0,1996-05-26
331,27,187,8,6,KGID27000331,Vanya,1976-11-01,1,1,0,2006-03-19
332,18,125,10,5,KGID18000332,Dhruv,1971-09-18,2,1,0,1999-09-15
333,30,210,7,1,KGID30000333,Ethan,1982-04-27,2,3,0,2005-07-03
334,27,187,9,5,KGID27000334,Chatresh,1988-11-04,1,2,0,2013-10-28
335,18,123,9,3,KGID18000335,Daksha,1973-02-08,1,2,0,2002-11-28
336,28,196,7,1,KGID28000336,Yuvraj,1970-08-24,1,8,0,1997-03-05
337,1,5,7,1,KGID01000337,Omaja,1971-11-16,1,6,0,1999-06-19
338,5,31,5,1,KGID05000338,Upkaar,1989-12-05,1,8,0,2014-06-28
339,4,25,7,2,KGID04000339,Lajita,1996-03-12,1,1,0,2024-04-08
340,14,96,10,3,KGID14000340,Saanvi,1984-02-29,1,7,0,2012-09-23
341,13,91,10,3,KGID13000341,Pushti,1978-06-30,1,7,0,2006-11-01
342,24,164,10,3,KGID24000342,Darpan,1978-10-17,1,6,0,2008-07-04
343,19,132,10,2,KGID19000343,Hardik,1990-01-19,1,7,0,2015-11-09
344,14,99,10,5,KGID14000344,Sarthak,2002-07-22,1,7,0,2020-11-29
345,30,206,8,6,KGID30000345,Aishani,1990-08-21,1,5,0,2013-08-01
346,31,215,10,5,KGID31000346,Naksh,1991-12-06,1,3,0,2015-08-23
347,14,97,9,2,KGID14000347,Falan,1976-05-14,2,8,0,1998-05-30
348,12,83,10,2,KGID12000348,Nilima,1973-04-14,1,7,0,1997-05-15
349,4,28,9,2,KGID04000349,Upma,1984-02-29,1,6,0,2012-11-03
350,1,6,10,6,KGID01000350,Vincent,1978-04-09,1,4,0,2001-03-15
351,8,53,7,1,KGID08000351,Barkha,1978-02-25,1,5,0,2001-09-10
352,3,21,10,5,KGID03000352,Sudiksha,1993-07-03,1,2,0,2020-03-17
353,11,76,7,2,KGID11000353,Vivaan,1970-02-15,1,8,0,1998-10-08
354,13,92,10,6,KGID13000354,Rudra,2001-09-05,1,6,0,2019-06-17
355,19,131,6,4,KGID19000355,Umang,1983-03-23,1,6,0,2011-11-15
356,30,209,10,5,KGID30000356,Amaira,1991-06-16,2,6,0,2015-06-07
357,30,209,8,3,KGID30000357,Ekbal,1998-01-29,1,7,0,2023-09-19
358,25,171,10,3,KGID25000358,Damyanti,1969-09-13,1,1,0,1999-05-01
359,20,140,4,1,KGID20000359,Bhavya,1989-07-06,1,2,0,2016-05-30
360,18,124,7,1,KGID18000360,Upadhriti,1983-09-29,1,5,0,2012-10-30
361,31,216,9,6,KGID31000361,Neha,1992-12-22,1,8,0,2015-10-15
362,23,161,9,6,KGID23000362,Xiti,2002-05-17,1,6,0,2026-01-01
363,23,162,8,2,KGID23000363,Raksha,1987-06-22,1,6,0,2010-09-06
364,27,185,10,6,KGID27000364,Balveer,1970-06-21,2,7,0,1996-03-04
365,5,32,10,3,KGID05000365,Ekantika,2000-05-27,1,3,0,2022-03-21
366,2,10,9,5,KGID02000366,Atharv,1989-10-31,2,2,0,2016-06-24
367,7,45,10,5,KGID07000367,Ansh,1970-11-15,1,8,0,1997-12-18
368,5,31,9,6,KGID05000368,Amruta,2004-06-24,1,2,0,2025-08-29
369,15,104,8,3,KGID15000369,Parth,1988-10-24,1,3,0,2013-07-14
370,19,130,4,1,KGID19000370,Riya,1984-11-25,1,3,0,2011-06-06
371,19,131,9,3,KGID19000371,Pratyush,2001-05-22,1,1,0,2019-10-10
372,9,63,10,2,KGID09000372,Rajata,2004-05-19,1,3,0,2025-04-10
373,9,61,9,5,KGID09000373,Vyanjana,1990-12-25,1,6,0,2020-06-27
374,27,185,9,2,KGID27000374,Upma,2003-05-08,1,3,0,2022-06-20
375,31,213,6,4,KGID31000375,Gauri,1980-05-14,1,3,0,2008-12-20
376,11,74,10,3,KGID11000376,Henry,1979-05-17,1,7,0,2005-07-18
377,6,43,8,6,KGID06000377,Forum,1999-03-26,1,3,0,2023-04-19
378,21,148,10,3,KGID21000378,Warhi,1982-09-22,1,1,0,2008-03-27
379,1,5,9,3,KGID01000379,Nandini,1978-02-27,2,8,0,2004-06-12
380,21,148,9,6,KGID21000380,Balhaar,1997-08-06,1,1,0,2025-01-22
381,10,68,10,5,KGID10000381,Divya,1984-04-27,1,3,0,2008-10-28
382,25,171,7,2,KGID25000382,Jack,1976-10-31,1,2,0,2004-12-24
383,24,165,6,2,KGID24000383,Netra,2003-05-24,1,8,0,2025-12-12
384,19,129,10,3,KGID19000384,Aarav,1999-07-01,1,1,0,2024-10-26
385,15,106,6,1,KGID15000385,Turvi,1991-10-30,1,2,0,2018-09-26
386,11,73,10,5,KGID11000386,Raghav,1982-10-14,1,7,0,2012-09-27
387,6,43,7,1,KGID06000387,Wishi,1986-09-04,1,5,0,2009-04-29
388,8,53,10,5,KGID08000388,Charan,1990-08-20,1,2,0,2015-11-12
389,18,125,5,4,KGID18000389,Karan,1975-01-10,1,3,0,2004-05-13
390,31,215,10,3,KGID31000390,Raksha,2001-10-26,1,5,0,2022-01-04
391,17,115,9,2,KGID17000391,Vedhika,2000-02-01,1,6,0,2020-08-19
392,21,147,10,2,KGID21000392,Wriddhish,1971-12-27,1,8,0,1995-01-06
393,30,210,9,2,KGID30000393,Deepa,1993-10-03,1,7,0,2021-09-25
394,22,150,10,5,KGID22000394,Nikita,1987-11-16,1,3,0,2013-08-24
395,21,147,7,1,KGID21000395,Ishaan,1970-12-10,1,8,0,1993-06-10
396,7,49,9,2,KGID07000396,Jacob,1984-07-26,1,3,0,2011-05-08
397,13,92,10,5,KGID13000397,Mitesh,1991-06-17,1,5,0,2014-06-28
398,29,201,5,1,KGID29000398,Bishakha,1985-12-07,1,5,0,2008-07-01
399,10,71,9,2,KGID10000399,Anjali,1986-04-28,1,4,0,2016-03-13
400,6,41,8,6,KGID06000400,Vasudha,1982-11-13,1,6,0,2004-12-15
401,19,129,7,2,KGID19000401,Yagnesh,2003-10-07,1,2,0,2023-11-06
402,16,112,6,1,KGID16000402,Maanav,1984-05-24,1,3,0,2010-09-02
403,29,204,10,2,KGID29000403,Yashoda,1981-09-08,1,8,0,2010-07-07
404,10,66,8,3,KGID10000404,Laban,1995-02-09,1,8,0,2021-09-16
405,4,28,5,1,KGID04000405,Anya,1999-06-19,1,7,0,2022-10-30
406,19,130,10,3,KGID19000406,Oeshi,1996-01-31,1,2,0,2020-11-04
407,26,181,8,5,KGID26000407,Yashica,1980-01-26,1,5,0,2009-10-18
408,26,183,9,6,KGID26000408,Aarnav,1977-05-18,1,4,0,2002-09-04
409,5,35,10,2,KGID05000409,Chanchal,1977-12-16,2,1,0,2005-11-12
410,14,97,10,6,KGID14000410,Vrishti,1998-06-25,1,3,0,2024-07-24
411,4,24,10,2,KGID04000411,Sanya,1999-07-05,1,1,0,2021-08-24
412,17,120,9,6,KGID17000412,Hemani,1987-06-03,1,2,0,2014-02-25
413,23,162,8,5,KGID23000413,Krishna,1979-10-17,1,4,0,2002-09-18
414,7,48,9,6,KGID07000414,Ekanta,1984-05-04,1,2,0,2012-11-25
415,19,132,7,1,KGID19000415,William,1999-09-02,1,7,0,2022-04-21
416,27,185,8,5,KGID27000416,Vivaan,1988-08-25,1,3,0,2018-02-07
417,31,214,10,2,KGID31000417,Nirja,1999-03-03,1,6,0,2022-12-28
418,31,217,10,5,KGID31000418,Urvashi,1969-02-08,1,5,0,1992-07-06
419,6,38,7,1,KGID06000419,Lakshmi,1993-08-03,1,5,0,2019-05-01
420,12,81,7,1,KGID12000420,Max,1981-10-11,1,6,0,2009-04-29
421,25,172,10,3,KGID25000421,Balhaar,1985-10-27,1,2,0,2010-08-31
422,22,154,10,2,KGID22000422,Garima,1972-03-01,1,6,0,1996-11-21
423,7,47,10,2,KGID07000423,Ria,1999-09-03,1,7,0,2018-05-29
424,11,76,9,5,KGID11000424,Tanmayi,1971-03-08,1,6,0,1996-03-17
425,29,203,5,1,KGID29000425,Maanas,1968-01-23,1,1,0,1992-07-19
426,3,22,6,2,KGID03000426,Mohammed,1982-08-30,1,8,1,2008-02-17
427,9,62,10,5,KGID09000427,Alka,1970-04-06,1,6,0,1999-03-25
428,22,150,1,4,KGID22000428,Mitali,1980-01-08,1,4,0,2008-02-18
429,18,124,10,5,KGID18000429,Falguni,1991-07-16,1,1,0,2020-08-26
430,1,3,7,2,KGID01000430,Lajita,1999-01-12,1,4,0,2024-06-18
431,3,20,3,4,KGID03000431,Vinaya,2002-10-19,1,4,0,2023-04-11
432,23,158,9,5,KGID23000432,Balendra,1999-10-10,1,3,0,2025-06-18
433,17,119,10,2,KGID17000433,Wahab,1990-05-04,1,3,0,2017-03-14
434,12,80,6,2,KGID12000434,Bhavna,1990-11-06,1,6,0,2020-09-09
435,12,83,10,3,KGID12000435,Gautam,2004-05-26,1,2,0,2019-11-10
436,20,141,10,2,KGID20000436,Guneet,1983-07-21,1,4,0,2011-07-19
437,20,140,10,2,KGID20000437,Harish,1995-08-18,1,5,0,2018-08-17
438,30,210,8,3,KGID30000438,Chandani,1983-11-29,1,4,0,2009-07-27
439,17,120,9,5,KGID17000439,Chakradhar,2000-12-02,1,3,0,2025-10-27
440,18,123,6,4,KGID18000440,Daksh,1979-06-30,1,8,0,2007-08-25
441,6,43,10,2,KGID06000441,Kavya,1978-05-07,1,7,0,2002-10-28
442,27,190,5,1,KGID27000442,Yash,1983-06-06,1,2,0,2011-12-11
443,3,21,10,6,KGID03000443,Pranit,1987-02-23,1,6,0,2010-07-29
444,20,140,10,6,KGID20000444,Farhan,1973-10-13,1,7,0,2000-03-12
445,8,54,9,3,KGID08000445,Lavanya,1990-01-17,1,3,0,2015-02-11
446,27,187,8,5,KGID27000446,Wridesh,1990-06-04,1,8,0,2018-01-01
447,12,85,9,6,KGID12000447,Luke,1985-11-27,1,4,0,2010-02-15
448,24,165,6,2,KGID24000448,Aachal,1976-02-01,1,8,0,2002-02-04
449,25,171,9,6,KGID25000449,Aditya,1984-07-01,1,6,0,2009-07-07
450,2,11,5,4,KGID02000450,Udyati,2000-10-02,1,8,0,2023-05-24
451,25,176,1,4,KGID25000451,Nakul,2000-11-02,1,4,0,2023-12-12
452,3,19,7,1,KGID03000452,Hemani,1970-03-24,1,7,0,1998-09-01
453,8,54,10,5,KGID08000453,Chandani,2004-01-15,2,1,0,2022-05-23
454,16,108,4,8,KGID16000454,Panini,1991-02-19,1,4,0,2014-09-18
455,22,150,9,3,KGID22000455,Tanmayi,1993-01-13,1,1,0,2020-07-08
456,10,68,10,6,KGID10000456,Rushil,1998-10-09,1,4,0,2020-10-05
457,15,104,7,2,KGID15000457,Vasudha,2004-06-21,1,3,0,2026-03-03
458,23,159,6,1,KGID23000458,Lakshmi,1971-06-10,1,7,0,1997-08-12
459,15,103,10,3,KGID15000459,Chakrika,1988-08-27,1,7,0,2012-05-28
460,21,147,8,3,KGID21000460,Chakrika,2004-03-23,1,6,0,2020-02-11
461,26,178,6,2,KGID26000461,Meghana,1968-04-21,1,5,0,1993-09-23
462,1,3,4,8,KGID01000462,Chandran,1977-08-25,1,1,0,2004-01-09
463,14,97,5,8,KGID14000463,Watika,2001-03-09,1,2,0,2025-08-24
464,7,45,10,2,KGID07000464,Bhavini,1998-04-23,1,6,0,2022-12-17
465,4,28,6,4,KGID04000465,Victor,1996-03-13,1,6,0,2025-05-07
466,12,81,10,2,KGID12000466,Indira,1989-12-15,1,2,0,2015-11-14
467,3,17,9,6,KGID03000467,Ranveer,1975-08-06,2,8,0,1999-06-12
468,15,106,9,2,KGID15000468,Laksh,1990-06-20,1,4,0,2017-10-29
469,4,24,6,1,KGID04000469,Balveer,1990-09-27,1,5,0,2016-01-11
470,4,24,10,6,KGID04000470,Ridhi,1978-12-04,1,2,0,2002-09-18
471,27,186,5,8,KGID27000471,Janya,1968-09-22,1,3,0,1991-01-21
472,19,132,10,2,KGID19000472,Gautam,1994-08-04,1,4,0,2020-04-15
473,24,167,7,2,KGID24000473,Eta,2001-02-24,1,2,0,2023-04-04
474,25,173,9,6,KGID25000474,Parth,1995-02-25,1,1,0,2018-11-10
475,13,90,6,4,KGID13000475,Jasmit,1974-12-03,1,2,0,2003-08-21
476,8,53,8,2,KGID08000476,Anjali,1987-02-19,1,5,0,2014-06-06
477,21,143,9,5,KGID21000477,Aarini,1998-03-22,1,7,0,2021-03-24
478,17,116,9,6,KGID17000478,Vasatika,2001-04-25,1,8,0,2023-10-19
479,12,82,8,3,KGID12000479,Chakrika,2003-04-16,1,6,0,2018-12-06
480,18,125,3,4,KGID18000480,Hamsini,1995-02-12,1,7,0,2023-04-23
481,18,127,4,8,KGID18000481,Upadhriti,1997-04-02,1,4,0,2024-07-23
482,4,26,9,2,KGID04000482,Lohit,2003-02-14,2,3,0,2020-01-04
483,20,136,10,3,KGID20000483,Upkaar,1995-05-26,1,3,0,2019-10-04
484,4,26,3,8,KGID04000484,Mekhala,1999-04-27,3,3,0,2023-07-27
485,12,80,10,2,KGID12000485,Jasmit,2003-04-14,1,7,0,2026-03-30
486,12,84,9,2,KGID12000486,Megha,1970-11-01,1,7,0,2000-09-02
487,7,47,10,2,KGID07000487,Jatin,1968-01-04,1,2,0,1991-03-06
488,23,162,6,2,KGID23000488,Adweta,1984-04-27,1,8,0,2009-04-07
489,21,144,10,5,KGID21000489,Kamya,1989-02-14,1,7,0,2015-08-17
490,15,101,7,1,KGID15000490,Vivaan,1971-07-03,2,6,0,1998-10-25
491,13,92,10,6,KGID13000491,Falak,1984-12-09,1,4,0,2014-09-24
492,19,134,7,2,KGID19000492,Timothy,2001-05-11,1,2,0,2026-05-13
493,10,66,5,4,KGID10000493,Ucchal,1991-06-17,1,6,0,2018-11-16
494,22,155,6,1,KGID22000494,Chasmum,2001-02-21,1,3,0,2018-06-16
495,23,159,6,1,KGID23000495,Jackson,1991-07-08,1,4,0,2015-06-13
496,11,76,10,2,KGID11000496,Baljiwan,1972-08-31,1,5,0,1998-09-10
497,20,140,9,2,KGID20000497,Waida,1978-10-03,1,6,0,2008-05-18
498,20,136,10,6,KGID20000498,Wahab,1971-10-16,1,6,0,2000-05-09
499,12,80,7,1,KGID12000499,Krishna,2000-04-28,1,1,0,2025-07-03
500,25,173,7,1,KGID25000500,Kamala,1981-11-15,1,4,0,2006-05-04
501,18,124,9,2,KGID18000501,Oni,1992-04-20,2,3,0,2019-08-08
502,1,5,10,5,KGID01000502,Mohammed,1989-03-23,2,5,0,2019-03-15
503,17,115,6,2,KGID17000503,Hardik,2000-04-03,1,5,0,2025-01-24
504,27,188,9,2,KGID27000504,Nikita,1998-05-05,1,6,0,2020-05-29
505,26,180,8,5,KGID26000505,Ati,2002-03-29,1,6,0,2025-03-15
506,28,193,10,5,KGID28000506,Kamala,1968-09-14,1,5,0,1993-08-13
507,23,157,7,1,KGID23000507,Sai,1975-07-14,1,6,0,2004-03-30
508,31,217,10,6,KGID31000508,Janani,2002-08-31,2,7,0,2023-07-04
509,2,13,8,3,KGID02000509,Jhalak,1971-03-03,1,4,0,1996-12-31
510,28,193,7,2,KGID28000510,Jagrati,1987-08-22,1,3,0,2015-04-24
511,24,168,10,2,KGID24000511,Anya,1969-09-25,1,5,0,1996-12-30
512,24,169,7,1,KGID24000512,Jason,1974-07-08,2,2,0,2004-02-15
513,10,69,7,2,KGID10000513,Suhani,2002-08-10,1,5,0,2022-09-12
514,6,38,9,2,KGID06000514,Simon,1970-11-19,2,2,0,1998-03-01
515,17,116,9,6,KGID17000515,Ansh,1991-03-28,1,3,0,2013-10-29
516,9,62,10,6,KGID09000516,Gauri,1969-05-13,1,3,0,1992-12-14
517,21,147,10,3,KGID21000517,Jeremiah,1976-07-03,1,1,0,2002-01-01
518,9,64,7,1,KGID09000518,Samesh,1996-08-12,1,8,0,2025-01-22
519,4,28,10,6,KGID04000519,Sarthak,1970-01-12,1,7,0,1999-02-13
520,17,117,10,3,KGID17000520,Viraj,1989-03-10,2,6,0,2015-05-11
521,23,160,10,2,KGID23000521,Manbir,1979-08-26,1,4,0,2008-08-29
522,15,105,10,2,KGID15000522,Aarnav,1996-09-03,1,5,0,2022-12-17
523,2,15,10,5,KGID02000523,Maanav,1977-10-02,1,6,0,2004-11-06
524,30,207,2,8,KGID30000524,Zashil,2004-01-13,1,3,0,2022-05-21
525,18,123,10,3,KGID18000525,Imaran,1997-01-14,1,1,0,2020-06-29
526,8,53,10,2,KGID08000526,Atharv,1991-12-15,1,5,0,2018-02-22
527,27,188,10,2,KGID27000527,Ishita,1972-05-15,1,1,0,2001-10-11
528,5,36,9,6,KGID05000528,Wazir,1996-09-21,1,8,0,2020-02-04
529,9,63,7,1,KGID09000529,Amol,1989-04-13,1,2,0,2014-08-23
530,12,83,8,3,KGID12000530,Charles,1973-12-09,1,2,0,2000-08-14
531,27,187,10,2,KGID27000531,Oviya,1972-03-08,1,4,0,1995-05-12
532,23,158,3,8,KGID23000532,Devansh,1986-12-17,1,3,0,2016-10-31
533,22,151,5,8,KGID22000533,Janaki,1985-02-11,1,1,0,2012-06-27
534,4,28,5,8,KGID04000534,Ikbal,1986-06-26,1,2,0,2015-12-21
535,4,25,7,1,KGID04000535,Timothy,1984-03-20,1,8,0,2009-01-26
536,13,90,10,2,KGID13000536,Caleb,2002-06-23,1,1,0,2025-07-30
537,16,110,6,2,KGID16000537,Charvi,1994-05-27,1,2,0,2021-02-28
538,2,15,10,3,KGID02000538,Azaan,1984-06-10,1,6,0,2013-11-12
539,19,133,4,4,KGID19000539,Varenya,1969-09-29,1,6,0,1992-10-08
540,18,122,9,6,KGID18000540,Pooja,1998-11-05,1,8,0,2023-11-17
541,28,196,6,1,KGID28000541,Vritti,1992-11-17,1,1,0,2016-02-18
542,7,49,10,6,KGID07000542,Sachi,1993-11-08,1,3,0,2022-03-21
543,16,109,8,3,KGID16000543,Faris,1970-03-19,2,2,0,1997-08-12
544,19,133,10,5,KGID19000544,Manbir,1979-05-31,1,4,0,2008-09-27
545,29,202,6,4,KGID29000545,Anvi,1969-12-03,1,2,0,1997-10-09
546,11,76,9,6,KGID11000546,Ekta,1990-08-05,1,1,0,2014-03-30
547,7,49,9,6,KGID07000547,Chaitaly,1981-08-02,1,2,0,2009-02-16
548,14,98,10,5,KGID14000548,Qushi,1984-04-12,1,7,0,2006-10-30
549,11,73,10,6,KGID11000549,Ishwar,1971-03-01,1,8,0,1999-07-29
550,6,38,3,4,KGID06000550,Tanveer,1999-01-18,1,1,0,2022-03-08
551,1,3,6,4,KGID01000551,Vedant,1983-05-29,1,4,0,2012-05-01
552,20,138,4,4,KGID20000552,Sudiksha,1982-10-21,1,8,0,2005-05-25
553,27,187,8,5,KGID27000553,Girish,1982-03-31,1,4,1,2009-04-21
554,16,108,6,2,KGID16000554,Dhriti,1979-01-22,1,2,0,2007-03-09
555,8,52,9,6,KGID08000555,Kavya,1992-02-07,1,4,0,2015-04-15
556,17,119,10,3,KGID17000556,Urvi,2002-10-11,1,1,0,2025-03-16
557,29,203,8,6,KGID29000557,Frederick,1969-12-23,1,3,0,1997-02-02
558,1,4,9,2,KGID01000558,Gopal,1970-12-11,2,8,0,1999-02-18
559,8,55,7,1,KGID08000559,Kashish,1995-01-17,1,6,0,2018-06-20
560,17,117,9,3,KGID17000560,Darpan,1997-07-13,1,6,0,2022-08-01
561,20,137,6,1,KGID20000561,Forum,1989-03-12,1,5,0,2015-10-22
562,24,166,6,4,KGID24000562,Nirja,1992-04-14,1,4,0,2020-06-23
563,31,215,10,5,KGID31000563,Pallavi,1980-07-29,1,3,0,2010-02-06
564,30,209,8,2,KGID30000564,Charan,1999-08-13,1,7,0,2025-07-19
565,23,161,10,6,KGID23000565,Devika,2003-04-29,1,1,0,2025-06-14
566,3,18,7,1,KGID03000566,Yashica,1980-07-03,1,3,0,2005-06-25
567,30,206,10,2,KGID30000567,Vasatika,1975-05-14,1,4,0,2005-02-03
568,2,12,9,6,KGID02000568,Hritik,1975-10-16,1,4,0,1998-12-03
569,24,169,9,5,KGID24000569,Jhalak,1980-06-12,1,7,0,2010-03-15
570,30,207,10,2,KGID30000570,Arya,1971-09-29,1,4,0,1993-11-15
571,19,134,6,4,KGID19000571,Pushti,1988-09-25,1,6,0,2018-08-15
572,24,165,7,1,KGID24000572,Atharv,1998-10-07,1,3,0,2022-12-02
573,4,25,10,3,KGID04000573,Amara,1990-01-10,1,1,0,2017-10-09
574,24,168,10,3,KGID24000574,Anjali,1968-07-25,1,1,0,1997-02-05
575,31,214,5,1,KGID31000575,Dayamai,1993-06-29,2,1,0,2017-03-14
576,27,189,8,5,KGID27000576,Indali,2001-08-04,1,2,0,2019-12-29
577,14,97,9,3,KGID14000577,Luke,1967-09-20,1,3,0,1995-07-17
578,23,162,9,5,KGID23000578,Nandini,1988-06-12,2,6,0,2012-11-29
579,13,90,10,6,KGID13000579,Azaan,1970-01-25,1,1,0,1998-05-07
580,15,105,9,3,KGID15000580,Tanveer,1970-11-21,1,6,0,1993-04-27
581,5,36,9,5,KGID05000581,Sudiksha,1981-05-31,2,6,0,2003-09-04
582,22,154,9,2,KGID22000582,Kala,1980-02-09,2,4,0,2005-06-01
583,4,27,4,1,KGID04000583,Ekta,1979-01-09,1,2,0,2007-01-15
584,27,190,7,2,KGID27000584,Frado,1996-03-27,1,7,0,2019-05-21
585,4,24,7,1,KGID04000585,Nachiket,2000-03-06,1,6,0,2022-06-06
586,4,24,10,5,KGID04000586,Chandran,1973-04-26,1,4,0,2001-07-23
587,18,124,9,6,KGID18000587,Anita,1992-06-06,1,7,0,2019-04-09
588,23,161,10,2,KGID23000588,Panini,1983-11-21,1,2,0,2012-06-09
589,22,152,10,5,KGID22000589,Riya,1985-06-18,1,8,0,2014-04-01
590,29,200,10,3,KGID29000590,Tanveer,1982-10-26,1,7,0,2010-10-14
591,24,165,10,3,KGID24000591,Ishaan,1995-06-06,1,6,0,2020-10-02
592,1,5,8,3,KGID01000592,Indrajit,1980-04-07,1,7,0,2003-08-19
593,4,27,10,5,KGID04000593,Vidhi,1977-12-22,1,3,0,2002-05-02
594,10,68,8,5,KGID10000594,Darika,1986-12-28,1,1,0,2011-02-25
595,24,166,9,2,KGID24000595,Megha,1969-03-04,1,5,0,1994-06-01
596,31,218,8,5,KGID31000596,Christopher,2003-12-02,1,4,0,2024-12-22
597,27,187,10,3,KGID27000597,Charvi,1967-10-11,1,6,0,1993-04-28
598,14,94,7,1,KGID14000598,Laksh,2002-06-22,1,6,0,2020-01-22
599,8,53,10,3,KGID08000599,Bimala,1995-10-08,1,7,0,2020-03-27
600,16,110,10,5,KGID16000600,Abhimanyu,1979-08-20,1,6,0,2006-12-31
601,21,147,8,3,KGID21000601,Qushi,1985-11-24,1,5,0,2015-02-14
602,6,43,5,1,KGID06000602,Lajita,1973-12-29,1,2,0,1998-12-06
603,1,7,6,4,KGID01000603,Victor,1987-03-14,1,7,0,2009-07-13
604,10,66,5,8,KGID10000604,Irya,1986-01-02,1,8,0,2010-11-29
605,7,47,9,3,KGID07000605,Brijesh,1970-02-28,1,5,0,1998-10-04
606,22,152,9,6,KGID22000606,Tripti,1983-08-20,1,4,0,2009-09-12
607,27,186,7,1,KGID27000607,Dhriti,2001-07-30,1,3,0,2024-08-17
608,21,146,5,1,KGID21000608,Nidhi,1988-10-18,1,4,0,2013-03-27
609,16,112,10,3,KGID16000609,Omisha,1993-09-29,2,6,0,2021-07-15
610,20,138,6,1,KGID20000610,Nidhi,1978-03-16,1,5,0,2007-06-18
611,12,81,8,3,KGID12000611,Ekta,1968-04-06,1,6,0,1994-06-21
612,4,25,9,6,KGID04000612,Triveni,1973-11-07,1,6,0,1998-05-02
613,15,105,9,6,KGID15000613,Janaki,1998-04-12,1,3,0,2026-05-04
614,10,70,10,5,KGID10000614,Hitesh,1970-10-03,1,3,0,1995-02-10
615,31,216,6,4,KGID31000615,Nandini,1976-06-30,1,6,0,2001-01-23
616,21,146,7,2,KGID21000616,Meghana,1986-11-18,1,7,0,2011-03-25
617,2,15,10,3,KGID02000617,Harinakshi,1999-09-15,1,1,0,2023-03-14
618,7,46,10,5,KGID07000618,Om,1975-09-10,1,7,0,1999-09-11
619,25,171,8,5,KGID25000619,Ishaan,1970-04-27,1,8,0,1993-04-07
620,8,53,10,6,KGID08000620,Rishi,1987-02-16,1,3,0,2015-11-07
621,22,154,10,5,KGID22000621,Ikshita,2001-01-05,1,4,0,2019-09-22
622,6,41,10,3,KGID06000622,Manbir,1980-06-26,1,7,0,2008-05-01
623,26,183,10,6,KGID26000623,Madhav,1976-03-27,1,2,0,2005-02-11
624,29,199,10,2,KGID29000624,Oscar,1976-12-18,1,7,0,2006-07-23
625,2,15,7,2,KGID02000625,Faqid,1989-10-13,2,8,0,2014-05-04
626,17,116,9,2,KGID17000626,Wakeeta,1974-01-18,1,8,0,2000-10-20
627,4,27,10,6,KGID04000627,Saumya,1984-08-29,1,1,0,2009-07-14
628,6,38,9,6,KGID06000628,Ekantika,1992-09-11,1,6,0,2022-01-08
629,5,34,10,5,KGID05000629,Diya,1999-06-22,1,7,0,2024-05-21
630,27,185,10,6,KGID27000630,Ekansh,1973-01-29,1,8,0,1997-05-07
631,24,169,8,5,KGID24000631,Chavvi,1984-11-04,1,7,0,2010-04-08
632,29,199,10,3,KGID29000632,Daksh,1996-12-16,1,3,0,2023-12-14
633,22,154,9,5,KGID22000633,Ethan,1980-07-07,1,1,0,2008-09-03
634,28,192,10,2,KGID28000634,Siya,1978-12-24,1,7,0,2002-08-05
635,12,81,10,2,KGID12000635,Jyoti,1968-11-19,1,7,0,1997-09-12
636,18,122,8,5,KGID18000636,Faraj,1998-04-08,1,3,0,2019-09-18
637,19,133,10,5,KGID19000637,Gautam,1991-05-07,1,4,0,2015-07-07
638,29,203,10,3,KGID29000638,Yashica,1990-04-01,1,3,0,2019-07-30
639,12,84,7,2,KGID12000639,Benjamin,1981-09-20,1,4,0,2011-03-19
640,31,213,10,2,KGID31000640,Raghav,1984-02-19,1,6,0,2012-04-13
641,12,84,10,3,KGID12000641,Vamakshi,1979-05-23,2,1,0,2006-06-22
642,18,124,9,2,KGID18000642,David,1986-01-16,1,2,0,2013-09-01
643,11,78,6,4,KGID11000643,Hemal,1984-02-29,1,7,0,2008-12-13
644,11,75,7,2,KGID11000644,Frado,2003-11-04,2,1,0,2021-03-31
645,12,80,10,3,KGID12000645,Orinder,1986-02-28,1,6,0,2015-09-26
646,16,108,9,2,KGID16000646,Raksha,1968-12-10,1,4,0,1998-10-14
647,18,122,7,2,KGID18000647,Nathan,2004-02-29,2,8,0,2020-03-12
648,10,67,5,4,KGID10000648,Barkha,1980-12-16,2,4,0,2004-12-28
649,9,62,10,3,KGID09000649,Hamsini,1981-10-29,1,4,0,2006-10-15
650,27,187,9,2,KGID27000650,Charles,1992-08-12,2,8,0,2015-12-11
651,24,164,4,4,KGID24000651,Gaurika,1996-09-11,1,8,0,2022-11-04
652,25,174,6,2,KGID25000652,Girindra,1969-12-06,2,5,0,1993-12-19
653,25,174,10,6,KGID25000653,Libni,1988-02-20,2,1,0,2015-06-27
654,17,119,6,1,KGID17000654,Mason,1978-01-03,2,8,0,2005-02-12
655,1,5,10,3,KGID01000655,Lohit,1979-10-30,1,6,0,2006-01-25
656,12,80,10,5,KGID12000656,Dayita,2001-05-31,1,6,0,2026-01-21
657,22,151,9,6,KGID22000657,Manya,2003-04-20,1,7,0,2022-03-29
658,8,56,8,3,KGID08000658,Frado,1972-04-06,1,4,0,1995-05-15
659,17,116,10,3,KGID17000659,Krisha,1978-12-12,1,3,0,2006-03-27
660,6,42,2,8,KGID06000660,Falguni,1991-04-21,1,1,0,2018-09-29
661,30,208,10,3,KGID30000661,Girik,1997-08-01,1,2,0,2022-06-02
662,15,102,10,5,KGID15000662,Pallavi,1991-05-26,1,5,0,2019-09-01
663,18,125,10,3,KGID18000663,Andrew,1986-04-23,1,3,0,2014-10-05
664,13,87,9,6,KGID13000664,Pranit,1980-11-28,2,7,0,2007-11-27
665,20,140,8,3,KGID20000665,Harita,2002-09-09,1,6,0,2019-03-26
666,27,185,8,2,KGID27000666,Vedika,2002-07-23,1,4,0,2025-06-06
667,28,197,10,5,KGID28000667,Laksh,1974-08-06,1,5,0,2003-05-15
668,16,110,7,2,KGID16000668,Chakrika,1973-03-24,1,1,0,1999-11-08
669,11,73,8,2,KGID11000669,Harrison,1998-09-27,1,2,0,2023-01-31
670,21,144,9,2,KGID21000670,Baljiwan,1986-04-12,1,2,0,2012-09-18
671,27,187,10,6,KGID27000671,Karan,1991-12-26,1,5,0,2017-06-09
672,6,40,10,3,KGID06000672,Mitesh,1989-08-04,1,6,0,2011-11-24
673,14,99,6,2,KGID14000673,Noah,1973-06-30,2,8,0,2001-07-17
674,30,210,9,6,KGID30000674,Caleb,1994-03-06,1,7,0,2023-03-28
675,28,193,9,5,KGID28000675,Wazir,1982-09-11,1,2,0,2010-01-29
676,16,111,9,3,KGID16000676,Bhavani,2003-05-15,1,3,0,2026-04-18
677,21,143,9,6,KGID21000677,Saumya,1995-05-02,1,7,0,2022-09-01
678,26,180,10,2,KGID26000678,William,1976-02-25,1,7,0,2004-04-13
679,19,132,9,3,KGID19000679,Upasna,1978-12-11,1,7,0,2008-03-03
680,4,26,9,3,KGID04000680,Rishi,2000-12-10,1,5,0,2019-07-16
681,23,161,6,2,KGID23000681,Ridhi,1981-02-07,1,3,0,2005-03-13
682,5,35,8,6,KGID05000682,Baghyawati,1984-07-29,1,8,0,2009-08-11
683,1,7,10,2,KGID01000683,Yadavi,1996-04-14,2,5,0,2020-05-09
684,31,216,9,2,KGID31000684,Neel,1987-01-04,1,1,0,2011-08-09
685,15,104,9,6,KGID15000685,Lakshit,1997-09-20,1,1,0,2023-11-14
686,7,46,10,6,KGID07000686,Charles,1999-10-18,1,3,0,2022-07-31
687,11,77,6,1,KGID11000687,Kamya,1991-03-21,2,4,0,2014-07-27
688,19,134,10,2,KGID19000688,Harshil,1988-01-05,1,2,0,2012-03-24
689,9,64,9,5,KGID09000689,Zaitra,1993-10-25,1,1,0,2019-06-04
690,24,166,9,5,KGID24000690,Bhavani,1998-12-27,1,4,0,2026-05-15
691,3,18,6,1,KGID03000691,Naveen,1970-08-06,1,7,0,1993-11-05
692,8,52,6,4,KGID08000692,Yochana,1977-08-02,1,4,1,2000-11-29
693,2,14,8,6,KGID02000693,Rajeshri,1972-12-11,1,6,0,2002-08-25
694,11,76,10,2,KGID11000694,Tristan,1970-11-20,1,1,0,2000-07-24
695,28,195,10,2,KGID28000695,Ikshita,1997-09-17,1,6,0,2021-02-08
696,28,195,7,2,KGID28000696,Oeshi,2001-12-03,1,7,0,2026-01-26
697,6,42,10,2,KGID06000697,Yadavi,1969-06-18,1,5,0,1996-11-20
698,21,148,10,3,KGID21000698,Libni,1981-05-01,1,8,0,2009-05-30
699,26,181,5,8,KGID26000699,Kavya,2004-04-17,1,8,0,2025-08-22
700,12,81,9,6,KGID12000700,Eiravati,1975-10-20,1,7,0,1997-10-16
701,1,7,8,5,KGID01000701,Gautami,2001-12-08,1,2,0,2023-09-26
702,23,162,6,1,KGID23000702,Laksh,1996-10-10,1,3,0,2024-08-20
703,14,98,9,5,KGID14000703,Urmi,1968-11-28,1,2,0,1992-02-18
704,6,41,10,2,KGID06000704,Liam,1993-04-01,1,4,0,2017-07-01
705,25,173,8,6,KGID25000705,Upasna,1995-07-28,1,5,0,2024-12-06
706,10,68,8,2,KGID10000706,Abdul,1984-02-03,2,4,0,2006-03-22
707,4,26,9,2,KGID04000707,Anirudh,2001-01-04,1,7,0,2020-02-27
708,31,214,10,5,KGID31000708,Mason,1976-12-17,1,2,0,2004-11-16
709,4,25,4,8,KGID04000709,Pallavi,1987-10-20,1,4,0,2010-11-15
710,9,59,10,3,KGID09000710,Bhavya,1971-08-10,1,3,0,1999-12-25
711,24,168,9,2,KGID24000711,Jairaj,1976-04-14,1,8,0,2005-06-06
712,19,130,6,1,KGID19000712,Oni,1969-04-05,1,6,0,1993-04-07
713,23,161,1,8,KGID23000713,Tanvi,1991-02-19,2,6,0,2017-01-26
714,18,125,7,2,KGID18000714,Xalak,1969-10-25,1,4,0,1995-06-05
715,24,166,5,4,KGID24000715,Amol,1989-07-28,2,8,0,2015-08-05
716,1,3,7,2,KGID01000716,Wyatt,1990-11-16,1,3,0,2019-07-17
717,13,92,10,3,KGID13000717,Bishakha,1994-01-30,1,1,0,2018-06-22
718,30,208,6,4,KGID30000718,Ira,1983-05-18,1,3,0,2011-02-04
719,20,139,9,3,KGID20000719,Omaja,1976-05-24,1,4,0,2001-05-08
720,13,91,10,6,KGID13000720,Frederick,1974-06-04,2,2,0,2002-10-15
721,21,146,10,2,KGID21000721,Jalsa,1986-11-11,1,1,0,2015-07-10
722,25,174,9,2,KGID25000722,Yashica,1969-12-30,1,7,0,1995-09-24
723,6,38,6,1,KGID06000723,Yashica,1996-08-04,1,1,0,2025-11-23
724,27,190,9,5,KGID27000724,Madhavi,1987-12-31,1,3,0,2015-11-11
725,30,210,10,2,KGID30000725,Caleb,1999-10-23,2,2,0,2022-01-03
726,13,89,7,1,KGID13000726,Kashvi,1991-01-06,1,8,0,2014-06-25
727,3,17,9,5,KGID03000727,Amol,1976-11-17,1,7,0,1999-10-26
728,6,41,7,2,KGID06000728,Ekansh,1980-09-15,1,7,0,2008-12-17
729,9,61,8,3,KGID09000729,Hemang,1980-04-02,1,7,0,2004-12-14
730,25,174,10,6,KGID25000730,Gaurangi,1996-01-15,1,4,0,2022-10-09
731,26,180,8,5,KGID26000731,Indira,1972-06-06,2,8,0,1996-04-24
732,19,133,10,3,KGID19000732,Parth,1987-09-12,1,3,0,2011-12-02
733,4,27,10,2,KGID04000733,Ucchal,1998-03-21,2,3,0,2022-12-05
734,13,88,10,2,KGID13000734,Varenya,2003-10-14,1,6,0,2021-05-14
735,23,162,10,5,KGID23000735,Krishna,1990-11-13,1,3,0,2019-01-02
736,29,202,10,2,KGID29000736,Tanvi,1969-10-29,1,5,0,1994-09-04
737,30,210,8,2,KGID30000737,Saksham,1968-11-10,1,1,0,1996-01-22
738,29,200,10,5,KGID29000738,Ryan,1969-02-11,1,7,0,1992-04-22
739,17,116,9,2,KGID17000739,Diya,2000-04-08,1,2,0,2025-10-16
740,22,152,4,8,KGID22000740,Yutika,2002-01-11,1,5,0,2026-03-04
741,17,119,7,1,KGID17000741,Urvashi,1982-03-24,1,6,0,2008-02-06
742,11,73,2,8,KGID11000742,Rayaan,1976-11-12,1,7,0,1999-07-18
743,2,11,4,4,KGID02000743,Champak,1978-01-29,1,7,0,2002-08-04
744,4,28,7,1,KGID04000744,Garima,1999-07-13,1,3,0,2026-03-12
745,14,95,5,4,KGID14000745,Jhalak,1977-08-08,1,4,0,2004-08-15
746,25,175,9,3,KGID25000746,Mugdha,1983-08-30,1,3,0,2007-03-12
747,7,46,8,3,KGID07000747,Libni,1994-12-30,1,2,0,2020-07-16
748,7,46,7,2,KGID07000748,Rachit,1980-01-15,2,5,0,2006-08-31
749,28,193,5,4,KGID28000749,Widisha,1985-11-08,1,2,0,2009-07-17
750,2,10,7,2,KGID02000750,Zilmil,1981-01-31,1,4,0,2009-11-10
751,10,71,7,2,KGID10000751,Fitan,1977-05-12,1,8,0,2000-03-27
752,26,182,9,5,KGID26000752,Farhan,1994-05-25,1,8,0,2018-06-11
753,7,50,10,2,KGID07000753,Pranit,1983-06-05,1,1,0,2009-12-28
754,18,125,10,3,KGID18000754,Ekani,1987-09-05,1,8,0,2011-12-15
755,21,148,7,2,KGID21000755,Falak,1971-04-16,1,1,0,1996-01-15
756,17,116,7,2,KGID17000756,Damini,1991-12-13,2,1,0,2020-10-15
757,20,137,9,2,KGID20000757,Pooja,1983-12-29,1,7,0,2008-09-24
758,2,14,8,2,KGID02000758,Sachi,1973-08-29,1,7,0,1997-10-09
759,13,88,9,6,KGID13000759,Brijesh,1980-07-02,1,1,0,2005-10-14
760,7,45,9,6,KGID07000760,Ira,1994-05-21,1,2,0,2017-05-20
761,25,176,5,8,KGID25000761,Radhika,1990-03-30,1,7,0,2018-05-10
762,2,10,10,3,KGID02000762,Dakshesh,1977-08-26,1,6,0,2004-09-25
763,31,215,6,4,KGID31000763,Nidra,1970-04-09,1,8,0,1993-08-22
764,4,27,9,6,KGID04000764,Nathaniel,1980-12-08,1,3,0,2008-08-28
765,17,116,10,3,KGID17000765,Luke,2002-09-30,1,3,0,2020-01-27
766,7,46,10,2,KGID07000766,Raksha,1998-11-23,1,8,0,2025-08-01
767,8,56,10,3,KGID08000767,Ekalinga,1968-10-12,1,5,0,1993-01-14
768,22,151,6,4,KGID22000768,Jeevika,1976-03-23,1,8,0,1998-04-10
769,26,178,8,6,KGID26000769,Bachittar,1980-11-22,1,1,0,2007-06-23
770,24,166,10,3,KGID24000770,Shivani,1989-11-18,1,1,0,2012-05-31
771,2,13,10,2,KGID02000771,Kamya,2002-08-08,1,5,0,2019-12-07
772,4,28,10,6,KGID04000772,Faraj,1983-12-02,1,5,0,2007-11-26
773,30,209,7,1,KGID30000773,Jeevika,1988-09-23,1,6,0,2015-10-27
774,4,29,7,2,KGID04000774,Arya,1982-03-22,2,2,0,2008-05-03
775,24,166,10,6,KGID24000775,Ishaan,1976-09-23,1,5,0,2000-03-22
776,18,125,9,3,KGID18000776,Quincy,1968-06-14,1,2,0,1997-04-19
777,30,208,8,5,KGID30000777,Lila,1985-12-16,1,6,0,2012-09-24
778,25,174,2,8,KGID25000778,Jacob,2001-04-18,1,8,0,2024-09-25
779,27,190,9,3,KGID27000779,Abha,1977-03-06,1,5,0,2005-12-30
780,1,3,10,6,KGID01000780,Tanish,1993-07-18,1,4,0,2022-07-17
781,18,126,9,5,KGID18000781,Bhavika,2004-05-11,1,4,0,2020-02-17
782,9,62,7,2,KGID09000782,Vritti,1993-03-04,1,6,0,2015-12-01
783,5,36,7,2,KGID05000783,Krishna,1974-11-25,1,1,0,2001-04-29
784,9,60,10,5,KGID09000784,Siya,1999-01-18,2,1,0,2021-01-15
785,21,146,10,6,KGID21000785,Sai,1973-11-18,2,8,0,2001-11-20
786,18,125,5,1,KGID18000786,Ekaja,2004-05-24,1,6,0,2023-01-21
787,1,7,10,5,KGID01000787,Dhruv,1992-03-15,1,3,0,2018-02-25
788,2,11,10,6,KGID02000788,Bina,1987-11-05,1,3,0,2016-11-08
789,17,118,10,2,KGID17000789,Nakul,2000-06-22,1,6,0,2025-11-30
790,12,83,9,6,KGID12000790,Owen,1993-10-31,1,5,0,2018-06-25
791,13,92,10,5,KGID13000791,Yashoda,1996-11-10,1,2,0,2019-04-07
792,2,10,6,4,KGID02000792,Sai,1975-10-16,1,8,0,1999-07-03
793,23,159,10,5,KGID23000793,Warjas,1996-10-19,1,2,0,2020-05-22
794,23,157,7,1,KGID23000794,Atharv,1996-09-26,1,8,0,2021-01-08
795,23,158,10,5,KGID23000795,Jyoti,1980-11-05,1,2,0,2003-04-29
796,2,15,10,5,KGID02000796,Kai,1984-10-14,1,5,0,2007-01-09
797,9,64,10,3,KGID09000797,Gabriel,1990-02-19,1,6,0,2015-05-02
798,29,202,10,3,KGID29000798,Mitali,1969-12-04,1,1,0,1993-09-04
799,24,169,9,3,KGID24000799,Varenya,2004-06-24,1,5,0,2022-06-27
800,31,213,6,4,KGID31000800,Nimrat,1986-12-11,1,5,0,2011-09-03
801,15,103,9,2,KGID15000801,Ethan,1997-12-16,1,1,0,2021-05-26
802,3,18,10,6,KGID03000802,Edhitha,1972-02-17,1,8,0,1996-02-14
803,14,95,10,3,KGID14000803,Shivani,1991-04-06,1,2,0,2021-03-29
804,20,141,8,2,KGID20000804,Zansi,1984-09-23,1,8,0,2014-07-19
805,28,194,7,2,KGID28000805,Qabil,1980-03-29,1,4,0,2007-07-03
806,27,186,10,5,KGID27000806,Kai,1995-11-26,1,6,0,2022-04-13
807,14,99,9,2,KGID14000807,Christopher,1983-07-02,1,6,0,2006-03-20
808,8,53,10,5,KGID08000808,Zarna,1998-04-04,1,2,0,2019-12-21
809,31,215,6,2,KGID31000809,Nitesh,1973-02-26,1,5,0,2001-05-17
810,18,122,8,3,KGID18000810,Umang,1973-06-26,1,3,0,2002-06-07
811,17,117,10,3,KGID17000811,Zilmil,1980-04-18,1,7,0,2010-01-23
812,15,104,9,3,KGID15000812,Farhan,2000-08-09,1,2,0,2024-07-12
813,31,215,8,6,KGID31000813,Anvi,1976-10-06,1,8,0,2000-01-12
814,5,31,6,1,KGID05000814,Chavvi,1972-02-15,2,2,0,1997-07-24
815,30,207,6,2,KGID30000815,Girik,1990-03-24,1,1,0,2015-11-19
816,6,43,6,4,KGID06000816,Om,1986-02-02,1,3,0,2008-01-28
817,13,89,9,6,KGID13000817,Mitesh,1989-05-23,1,6,0,2013-07-27
818,29,204,10,6,KGID29000818,Geetika,1973-10-29,3,1,0,1999-09-03
819,22,154,9,3,KGID22000819,Benjamin,1998-09-01,1,1,1,2023-12-13
820,24,169,6,2,KGID24000820,Ayush,1998-01-11,1,1,0,2021-03-30
821,30,211,8,5,KGID30000821,Alka,1970-07-01,1,7,0,2000-06-18
822,10,66,8,6,KGID10000822,Omaja,1991-08-03,1,7,0,2015-02-17
823,16,110,6,1,KGID16000823,Azaan,1990-05-13,3,3,0,2015-08-01
824,4,24,8,3,KGID04000824,Bimala,1985-12-02,1,3,0,2013-05-12
825,28,194,6,2,KGID28000825,Chasmum,1991-03-31,1,7,0,2021-01-10
826,20,138,9,6,KGID20000826,Nidra,1985-05-12,1,3,0,2011-08-29
827,1,4,8,3,KGID01000827,Elijah,1978-07-01,1,7,0,2008-06-19
828,25,174,9,2,KGID25000828,Nakul,1992-12-21,1,6,0,2021-04-30
829,21,146,4,1,KGID21000829,Veda,1983-10-05,1,5,0,2007-05-03
830,4,26,9,2,KGID04000830,Harini,1984-09-04,1,2,0,2009-05-30
831,24,164,6,2,KGID24000831,Dhriti,1989-12-10,1,6,0,2018-10-20
832,1,5,9,6,KGID01000832,Eiravati,1999-05-15,1,5,0,2022-09-12
833,2,13,7,2,KGID02000833,Hemani,1994-08-29,1,8,0,2022-12-18
834,25,173,10,5,KGID25000834,Kalpit,2003-08-02,1,2,0,2026-02-09
835,4,25,6,2,KGID04000835,Yutika,1995-08-22,1,5,0,2020-06-13
836,11,78,10,2,KGID11000836,Eiravati,1988-04-10,1,3,0,2017-01-11
837,16,112,6,2,KGID16000837,Jason,1976-06-09,1,3,0,2006-04-13
838,2,12,10,2,KGID02000838,Yug,1977-05-22,1,3,0,2000-12-31
839,18,125,7,1,KGID18000839,Chandresh,1972-09-14,1,3,0,2002-02-05
840,15,105,10,5,KGID15000840,Leena,1978-03-26,1,8,0,2001-07-08
841,13,92,9,3,KGID13000841,Omya,1999-06-21,1,7,0,2025-09-17
842,7,46,9,6,KGID07000842,Nathaniel,1976-09-05,1,8,0,1998-10-18
843,14,96,4,8,KGID14000843,Dhriti,1997-08-05,1,6,0,2020-01-15
844,19,131,8,5,KGID19000844,Nathaniel,1974-07-08,1,2,0,2000-04-04
845,25,176,9,3,KGID25000845,Yutika,1985-12-06,1,4,0,2015-06-14
846,29,204,7,1,KGID29000846,Darika,1984-10-07,1,1,0,2010-04-07
847,1,6,9,2,KGID01000847,Gautam,1985-11-23,1,4,0,2015-07-26
848,11,77,10,2,KGID11000848,Yashasvi,2002-06-20,1,4,0,2025-05-20
849,28,193,10,2,KGID28000849,Wridesh,1984-05-30,1,3,0,2007-05-13
850,28,195,8,3,KGID28000850,Ira,1975-06-15,1,5,0,1998-09-06
851,29,200,5,8,KGID29000851,Baghyawati,1969-04-17,2,5,0,1996-05-12
852,30,209,5,4,KGID30000852,Upma,1985-10-21,1,2,0,2010-09-04
853,3,20,9,5,KGID03000853,Abhiram,1978-01-24,1,5,0,2000-09-21
854,3,22,9,3,KGID03000854,Raagini,1998-11-03,1,8,0,2022-01-04
855,24,164,7,1,KGID24000855,Aishani,1972-06-13,1,8,0,2001-04-26
856,5,33,10,2,KGID05000856,Neha,1994-05-31,1,8,0,2022-10-21
857,22,151,10,2,KGID22000857,Nandini,1981-01-12,1,5,0,2003-06-10
858,15,101,5,8,KGID15000858,Robert,1969-05-21,1,8,0,1991-05-31
859,18,123,6,1,KGID18000859,Bhavya,1980-11-27,1,7,0,2008-12-12
860,21,146,10,5,KGID21000860,Yamini,1970-03-19,1,7,0,1995-12-08
861,28,195,10,5,KGID28000861,Ati,1984-02-27,1,5,0,2007-01-16
862,8,55,8,6,KGID08000862,Jagat,1998-01-12,1,7,0,2024-04-09
863,27,190,7,2,KGID27000863,Gunbir,1972-04-02,2,8,0,1995-03-10
864,6,43,10,2,KGID06000864,Harinakshi,1982-01-25,1,7,0,2010-09-13
865,24,164,8,6,KGID24000865,Jasmit,1988-02-19,2,8,0,2016-02-09
866,1,7,10,2,KGID01000866,Rushil,1995-06-06,1,1,0,2021-03-14
867,10,66,6,4,KGID10000867,Neelima,1989-10-14,1,3,0,2017-08-20
868,10,71,5,1,KGID10000868,Chakradev,1985-12-30,1,1,0,2009-07-26
869,27,187,10,3,KGID27000869,Gauri,1968-12-06,1,1,0,1991-01-28
870,5,31,9,3,KGID05000870,Zilmil,1997-03-29,1,2,0,2025-11-07
871,26,180,6,1,KGID26000871,Yutika,1984-05-27,1,7,0,2007-02-04
872,29,204,9,2,KGID29000872,Eiravati,1972-08-31,1,3,0,2002-04-28
873,10,66,7,1,KGID10000873,Chandani,1973-07-04,1,5,0,1999-04-03
874,18,126,10,5,KGID18000874,Yashica,1989-06-18,1,4,0,2017-08-26
875,2,14,10,6,KGID02000875,Vrishti,1998-02-21,1,8,0,2021-11-23
876,1,4,10,2,KGID01000876,Chandani,1993-09-19,1,5,0,2023-08-17
877,21,144,7,1,KGID21000877,Anay,1985-01-24,1,8,0,2008-08-27
878,8,54,8,2,KGID08000878,Imaran,1981-02-14,1,8,0,2009-10-17
879,4,28,8,5,KGID04000879,Darika,2003-10-02,1,4,0,2021-09-19
880,23,160,3,8,KGID23000880,Avi,1996-12-22,1,8,0,2025-01-04
881,29,199,10,2,KGID29000881,Alka,1989-07-31,1,3,0,2013-09-26
882,21,144,9,3,KGID21000882,Vedant,2003-04-11,1,6,0,2025-12-06
883,19,132,10,6,KGID19000883,Varsha,1994-03-09,1,1,0,2016-08-27
884,8,55,10,2,KGID08000884,Lajita,1973-10-20,1,2,0,2001-03-23
885,31,217,9,5,KGID31000885,Xavier,1972-12-17,1,6,0,1999-08-24
886,5,35,10,2,KGID05000886,Imaran,1968-08-29,1,4,0,1993-04-21
887,10,68,10,6,KGID10000887,Ridhi,1974-07-21,2,3,0,1997-02-22
888,27,185,9,6,KGID27000888,Max,1979-02-06,1,4,0,2005-04-09
889,12,83,10,3,KGID12000889,Samar,1982-10-10,1,1,0,2005-02-12
890,5,35,6,2,KGID05000890,Urishilla,1982-09-05,1,6,0,2009-05-09
891,13,90,8,3,KGID13000891,David,1999-10-16,1,2,0,2020-03-19
892,23,158,9,3,KGID23000892,Zilmil,1993-08-10,1,8,0,2022-03-24
893,19,130,7,1,KGID19000893,Ekta,1975-03-02,1,4,0,1999-12-06
894,26,179,4,8,KGID26000894,Vanya,2004-06-04,1,1,0,2026-06-19
895,21,143,7,1,KGID21000895,Dipta,1986-12-08,1,8,0,2013-09-10
896,30,210,6,2,KGID30000896,Tripti,2002-11-22,1,1,0,2023-09-19
897,18,124,4,1,KGID18000897,Hema,2001-03-30,1,2,0,2023-02-05
898,29,202,10,6,KGID29000898,Aishani,1987-09-15,1,1,0,2016-02-01
899,20,140,7,2,KGID20000899,Rehaan,1990-01-25,1,6,0,2014-02-15
900,31,213,8,2,KGID31000900,Arya,2002-12-01,1,1,0,2018-09-01
901,12,83,7,1,KGID12000901,Umang,1988-02-22,1,6,0,2017-10-21
902,3,19,9,5,KGID03000902,Chameli,2002-05-01,1,6,0,2024-11-22
903,2,14,9,3,KGID02000903,Sarthak,1996-01-11,1,2,0,2025-04-12
904,9,63,10,5,KGID09000904,Vrinda,1993-01-12,1,8,0,2017-09-10
905,25,175,6,4,KGID25000905,Ikshita,1979-03-23,1,4,0,2003-07-24
906,12,82,9,6,KGID12000906,Anusha,1988-03-25,1,6,0,2013-04-28
907,21,147,9,2,KGID21000907,Ladli,1978-02-21,1,5,0,2005-05-25
908,16,112,6,4,KGID16000908,Megha,2000-08-21,1,8,0,2023-05-11
909,17,119,5,4,KGID17000909,Madhav,1997-10-10,1,5,0,2020-08-15
910,7,46,9,3,KGID07000910,Bhavna,1978-03-29,2,1,0,2006-01-23
911,30,206,9,3,KGID30000911,Farhan,2002-11-04,1,1,0,2022-07-11
912,3,21,10,3,KGID03000912,Riya,1980-04-23,1,7,0,2008-02-14
913,28,197,8,5,KGID28000913,Varenya,1991-10-07,1,8,0,2019-03-15
914,25,172,10,5,KGID25000914,Anika,1975-05-31,1,4,0,1999-04-28
915,13,88,7,1,KGID13000915,Anita,2002-01-06,1,8,0,2025-08-30
916,27,187,5,8,KGID27000916,Wriddhish,1972-07-28,1,3,0,2000-07-23
917,30,209,5,1,KGID30000917,Upkaar,1976-06-18,1,1,0,2000-04-03
918,25,174,10,5,KGID25000918,Charles,1991-02-05,1,1,0,2017-03-24
919,15,105,10,6,KGID15000919,Ganga,1971-03-15,2,5,0,1999-03-29
920,2,10,9,6,KGID02000920,Harish,1994-01-14,2,6,0,2017-08-26
921,24,165,3,8,KGID24000921,Laksh,1992-09-12,1,8,0,2021-12-10
922,25,173,8,6,KGID25000922,Nakul,1967-09-08,1,8,0,1993-06-20
923,6,43,7,1,KGID06000923,Vamakshi,1982-07-20,1,4,0,2007-12-27
924,4,29,10,3,KGID04000924,Ryan,1985-02-27,1,5,0,2013-09-07
925,4,27,9,6,KGID04000925,Bhavna,1995-06-19,1,2,0,2025-01-15
926,17,119,10,5,KGID17000926,Daniel,1979-05-18,1,1,0,2008-02-15
927,16,110,9,6,KGID16000927,Gaurav,2001-02-01,1,5,0,2022-01-31
928,14,94,3,4,KGID14000928,Vincent,1991-08-18,1,8,0,2016-01-12
929,18,126,6,2,KGID18000929,Baljiwan,1987-04-18,1,7,0,2011-02-11
930,18,126,10,2,KGID18000930,Parth,2001-04-14,1,8,0,2024-11-17
931,23,159,3,4,KGID23000931,Patrick,1982-12-15,1,2,1,2011-07-25
932,28,193,5,4,KGID28000932,Balhaar,2002-01-18,1,3,0,2025-12-29
933,17,116,10,6,KGID17000933,Mekhala,2004-05-22,1,5,0,2023-01-11
934,20,140,10,2,KGID20000934,Quincy,1996-08-25,1,8,0,2020-05-11
935,29,201,5,4,KGID29000935,Bimala,2002-02-24,1,4,0,2026-02-22
936,12,84,9,2,KGID12000936,Aditya,1999-12-08,1,7,0,2022-05-11
937,27,189,7,1,KGID27000937,Hredhaan,1978-07-14,1,1,0,2004-09-13
938,7,50,8,3,KGID07000938,Gautami,2001-11-06,1,3,0,2021-03-30
939,3,18,10,6,KGID03000939,Wakeeta,1978-01-08,2,6,0,2007-02-21
940,13,89,9,2,KGID13000940,Krish,2000-05-25,1,3,0,2024-03-29
941,26,181,7,2,KGID26000941,Upadhriti,1998-12-26,1,5,0,2024-07-07
942,30,210,7,1,KGID30000942,Isaiah,1977-08-03,1,3,0,2005-07-25
943,23,157,10,6,KGID23000943,Tara,1979-09-24,1,3,0,2006-05-02
944,7,48,9,3,KGID07000944,Quincy,1991-06-25,1,2,0,2019-09-24
945,4,25,10,3,KGID04000945,Geetika,1968-01-06,1,5,0,1990-03-12
946,6,43,6,4,KGID06000946,Reyansh,1996-10-02,1,6,0,2024-08-08
947,13,92,10,2,KGID13000947,Nidra,1973-12-26,1,3,0,1998-06-18
948,14,94,10,3,KGID14000948,Yutika,1998-02-03,1,2,0,2020-12-15
949,21,146,7,1,KGID21000949,Nandini,1979-08-17,1,1,0,2003-10-24
950,11,77,10,5,KGID11000950,Qasim,1992-04-03,1,2,0,2021-09-22
951,26,182,10,3,KGID26000951,Vansha,2003-10-26,1,2,0,2018-11-23
952,12,85,4,4,KGID12000952,Yuvraj,1979-06-20,1,4,0,2005-05-26
953,3,22,10,2,KGID03000953,Leela,1967-09-30,1,4,0,1995-08-30
954,8,53,5,8,KGID08000954,Amara,1976-03-17,2,2,0,1998-03-29
955,22,153,6,2,KGID22000955,Chasmum,2002-10-17,1,8,0,2018-08-02
956,5,34,10,5,KGID05000956,Advay,1989-01-16,1,4,0,2015-04-14
957,14,96,10,2,KGID14000957,Jagvi,1977-03-03,1,6,0,2004-12-24
958,24,168,7,1,KGID24000958,David,1993-02-15,1,7,0,2018-10-15
959,26,181,7,2,KGID26000959,Udyati,1992-03-15,1,5,0,2016-09-20
960,19,130,10,2,KGID19000960,Nidra,1978-11-05,2,6,0,2006-03-01
961,29,203,9,2,KGID29000961,Deepa,1992-11-17,1,2,0,2019-04-23
962,17,120,9,2,KGID17000962,Chakrika,1993-01-13,1,4,0,2016-11-29
963,26,180,6,2,KGID26000963,Timothy,1981-02-03,1,7,0,2004-06-14
964,12,85,7,2,KGID12000964,Kiaan,1975-08-08,2,6,0,2004-10-21
965,26,182,4,4,KGID26000965,Suhani,1985-03-09,1,8,0,2012-11-26
966,11,77,9,3,KGID11000966,Kashvi,1995-02-28,2,1,0,2024-03-10
967,3,18,6,2,KGID03000967,Urishilla,1982-11-18,1,3,0,2012-06-20
968,29,204,10,5,KGID29000968,Tejas,1995-07-08,1,2,0,2024-06-22
969,23,158,7,2,KGID23000969,Finn,1995-09-07,1,8,0,2019-12-07
970,12,80,9,2,KGID12000970,Janaki,1986-12-09,3,2,0,2009-04-11
971,14,96,6,2,KGID14000971,Isaac,1970-05-20,1,3,0,1997-07-09
972,13,92,6,1,KGID13000972,Yashasvi,1969-10-11,1,5,0,1997-04-10
973,21,147,7,2,KGID21000973,Mason,1974-12-22,1,8,0,2004-05-11
974,7,49,9,6,KGID07000974,Zinal,1973-07-31,1,7,0,1998-07-08
975,16,108,7,2,KGID16000975,Samesh,1983-11-04,1,1,0,2009-06-02
976,16,111,10,2,KGID16000976,Vrinda,1994-01-08,1,2,0,2023-01-06
977,16,109,9,2,KGID16000977,Yashvi,1970-11-10,1,4,0,2000-04-04
978,26,179,10,2,KGID26000978,Christopher,1983-12-23,1,3,0,2009-05-18
979,14,99,10,6,KGID14000979,Yochana,1984-04-09,1,7,0,2012-08-16
980,30,210,9,2,KGID30000980,Dalbir,1982-11-12,1,7,0,2008-05-25
981,5,32,6,1,KGID05000981,Darika,1988-03-03,1,6,0,2017-11-25
982,29,201,10,5,KGID29000982,Meghana,1994-04-04,2,4,0,2020-04-25
983,4,25,6,4,KGID04000983,Aarush,1976-11-27,1,1,0,2001-04-16
984,25,173,9,3,KGID25000984,Elijah,1995-02-02,1,2,0,2024-01-29
985,25,175,10,5,KGID25000985,Hemangini,1969-03-03,1,8,0,1994-03-21
986,15,105,6,4,KGID15000986,Darpan,1993-05-29,1,5,0,2018-10-11
987,24,164,10,6,KGID24000987,Ekapad,2002-01-27,1,8,0,2023-08-06
988,24,166,10,2,KGID24000988,Urmi,2003-12-25,1,3,0,2018-07-12
989,10,66,8,6,KGID10000989,Nilima,1968-08-31,2,7,0,1993-08-27
990,27,189,10,3,KGID27000990,Krishna,1974-02-25,1,4,0,2000-03-22
991,30,207,7,2,KGID30000991,Osha,1995-10-31,1,2,0,2022-06-01
992,18,125,10,5,KGID18000992,Lavanya,1981-05-07,1,4,0,2010-07-30
993,5,36,10,2,KGID05000993,Krishna,1984-02-02,1,5,0,2008-10-28
994,24,169,2,8,KGID24000994,Kiaan,1981-05-23,2,4,0,2010-08-18
995,6,42,10,5,KGID06000995,Ijaya,1991-09-04,1,1,0,2021-01-16
996,21,147,7,1,KGID21000996,Maya,1971-11-19,1,5,0,1994-10-22
997,18,124,5,8,KGID18000997,Udant,1987-01-23,2,7,0,2016-06-01
998,31,218,6,1,KGID31000998,Arin,1998-05-20,1,2,0,2021-08-15
999,25,175,4,8,KGID25000999,Ubika,2003-09-13,2,4,0,2020-11-05
1000,14,96,10,6,KGID14001000,Panini,1992-05-31,2,4,0,2017-01-16
1001,8,54,10,5,KGID08001001,Victor,1987-03-06,1,1,0,2014-02-02
1002,16,113,7,1,KGID16001002,Hiral,1976-08-26,1,8,0,2002-03-09
1003,12,85,6,1,KGID12001003,Ranbir,1973-03-26,1,6,0,1999-04-15
1004,1,8,8,2,KGID01001004,Isaiah,2002-03-07,1,4,0,2025-10-20
1005,17,117,10,5,KGID17001005,Oni,1968-09-07,1,4,0,1998-05-09
1006,17,118,10,6,KGID17001006,Amol,1990-03-31,1,4,0,2015-02-04
1007,7,50,5,8,KGID07001007,Ekalinga,1976-05-25,1,7,0,2001-12-09
1008,12,84,6,2,KGID12001008,Bahadurjit,1971-03-24,1,6,0,1998-06-29
1009,5,32,6,4,KGID05001009,Chanakya,1984-01-05,1,6,0,2008-12-02
1010,24,166,7,2,KGID24001010,Chaitanya,1976-07-19,1,1,0,2006-04-30
1011,8,57,8,3,KGID08001011,Vivaan,1982-05-18,1,5,0,2004-05-24
1012,4,27,10,3,KGID04001012,Daksh,1987-06-19,1,3,0,2015-03-29
1013,30,207,9,5,KGID30001013,Bimala,1972-09-04,1,3,0,1999-09-22
1014,30,207,8,5,KGID30001014,Eiravati,1976-02-27,1,7,0,2001-04-20
1015,17,119,6,4,KGID17001015,Ekani,1988-11-10,1,1,0,2013-05-12
1016,28,195,8,3,KGID28001016,Luke,1976-04-04,2,4,0,1999-03-29
1017,8,53,10,6,KGID08001017,Timothy,2003-12-19,1,6,0,2023-07-01
1018,25,172,10,6,KGID25001018,Anvi,1982-10-18,1,8,0,2009-11-13
1019,31,215,10,5,KGID31001019,Parth,1969-09-30,1,7,0,1994-12-17
1020,9,63,8,5,KGID09001020,Prisha,1990-08-28,1,3,0,2020-03-26
1021,7,46,10,5,KGID07001021,Champak,1988-01-23,1,4,0,2012-09-07
1022,30,207,8,2,KGID30001022,Lakshmi,2003-06-21,1,6,0,2025-07-27
1023,17,120,7,2,KGID17001023,Eiravati,1996-07-27,1,5,0,2021-09-01
1024,24,168,10,5,KGID24001024,Nilima,1993-04-04,1,6,0,2017-11-15
1025,29,202,4,8,KGID29001025,Krisha,1973-01-05,1,1,1,2002-12-15
1026,22,153,8,5,KGID22001026,Urvashi,1974-04-19,1,3,0,2000-09-15
1027,24,169,10,3,KGID24001027,Umang,1976-05-29,1,8,0,2001-04-24
1028,20,141,10,5,KGID20001028,Maanas,1978-08-15,1,3,0,2008-07-27
1029,14,96,10,3,KGID14001029,Dalbir,1997-04-23,1,5,0,2024-11-21
1030,19,131,10,5,KGID19001030,Omaja,1988-04-20,1,5,0,2017-02-27
1031,19,132,5,4,KGID19001031,Krish,1988-02-11,1,3,0,2015-08-10
1032,29,199,8,6,KGID29001032,Aadhya,1981-11-12,1,1,0,2004-06-11
1033,2,13,9,3,KGID02001033,Farhan,1975-01-07,1,2,0,2004-12-01
1034,22,150,10,5,KGID22001034,Kamala,2001-08-13,1,8,0,2020-02-15
1035,31,217,6,1,KGID31001035,Rayaan,1970-11-30,1,5,0,1996-10-25
1036,8,53,7,2,KGID08001036,Krishna,1969-05-26,2,4,0,1997-09-13
1037,1,4,9,3,KGID01001037,Balveer,1992-06-02,2,4,0,2019-01-27
1038,29,204,10,5,KGID29001038,Raghav,1999-10-26,1,2,0,2022-02-03
1039,26,179,5,1,KGID26001039,Teerth,1997-04-07,1,2,0,2022-11-17
1040,31,214,8,6,KGID31001040,Gaurangi,1985-03-26,2,1,0,2014-04-06
1041,2,15,8,6,KGID02001041,Alexander,1978-09-17,2,3,0,2004-05-03
1042,3,17,6,2,KGID03001042,Ranveer,1975-05-01,1,2,0,2000-12-08
1043,26,182,9,6,KGID26001043,Jacob,2003-02-03,1,7,0,2024-06-01
1044,9,64,10,6,KGID09001044,Varenya,1995-02-17,1,3,0,2020-04-23
1045,21,148,6,4,KGID21001045,Samarth,2001-04-30,1,6,0,2018-09-25
1046,16,112,9,6,KGID16001046,Wriddhish,1982-03-03,2,8,0,2009-02-23
1047,26,181,9,6,KGID26001047,Barkha,1987-12-03,1,7,0,2014-01-13
1048,4,29,10,5,KGID04001048,Jagrati,1981-07-30,1,3,0,2008-10-04
1049,23,159,8,2,KGID23001049,Jagvi,1978-11-27,1,2,0,2004-02-24
1050,21,145,10,3,KGID21001050,Widisha,1986-06-20,2,4,0,2016-02-15
1051,13,90,8,2,KGID13001051,Upasna,1984-09-26,1,7,0,2007-03-24
1052,20,140,8,5,KGID20001052,Ekaja,1995-09-04,1,2,0,2021-08-23
1053,1,7,10,6,KGID01001053,Kamala,2001-04-29,1,7,0,2025-04-28
1054,18,126,6,2,KGID18001054,Chakradev,1979-01-27,1,8,0,2004-07-29
1055,20,137,8,5,KGID20001055,Timothy,1988-04-22,2,3,0,2014-02-13
1056,4,26,7,2,KGID04001056,Amol,1994-12-03,1,1,1,2024-06-16
1057,5,36,10,6,KGID05001057,Omisha,1977-02-21,1,8,0,2004-04-14
1058,27,186,9,6,KGID27001058,Rohan,1978-06-01,1,3,0,2003-10-17
1059,5,35,6,4,KGID05001059,Ladli,1979-09-13,1,4,0,2003-10-17
1060,7,46,8,6,KGID07001060,Yatan,1988-07-29,1,4,0,2017-07-31
1061,20,140,10,6,KGID20001061,Geetika,1985-12-20,1,3,0,2008-03-13
1062,19,134,4,4,KGID19001062,Vrinda,1977-01-05,1,4,0,1999-03-21
1063,25,172,6,2,KGID25001063,Vritti,2003-04-04,1,2,0,2025-10-23
1064,31,215,9,6,KGID31001064,Indira,1984-07-18,1,5,0,2012-02-02
1065,18,122,9,6,KGID18001065,Vrinda,1973-10-03,1,1,0,1998-05-04
1066,14,96,8,5,KGID14001066,Daniel,1974-04-21,1,8,0,2003-07-23
1067,27,188,5,4,KGID27001067,Falan,1986-11-18,1,1,0,2013-11-22
1068,31,218,10,5,KGID31001068,Chanakya,2002-06-20,1,6,0,2023-10-24
1069,31,216,8,3,KGID31001069,Nitara,1995-10-11,1,7,0,2021-01-18
1070,29,203,8,5,KGID29001070,Vihaan,1972-07-31,1,3,0,1999-11-11
1071,13,87,7,1,KGID13001071,Matthew,1970-01-03,1,3,0,1999-06-22
1072,26,183,9,6,KGID26001072,Yashasvi,1967-10-31,1,4,0,1995-05-09
1073,1,7,9,5,KGID01001073,Darpan,1984-05-13,1,3,0,2010-05-09
1074,22,152,10,2,KGID22001074,Vasudha,1990-05-10,1,4,0,2016-02-16
1075,10,69,9,5,KGID10001075,Amol,1991-11-21,1,5,0,2017-11-09
1076,30,208,6,4,KGID30001076,Nisha,1967-09-27,1,1,0,1997-03-25
1077,19,133,6,1,KGID19001077,Anvi,1967-12-07,1,2,0,1991-02-07
1078,2,14,9,3,KGID02001078,Bhavini,1987-04-26,1,4,0,2016-05-13
1079,7,49,7,2,KGID07001079,Qushi,1968-02-16,1,2,0,1995-10-14
1080,16,111,10,3,KGID16001080,Praneel,1997-04-28,1,8,0,2020-09-07
1081,1,4,10,6,KGID01001081,Gopal,1971-06-15,1,3,0,1997-04-07
1082,16,113,7,2,KGID16001082,Wridesh,1986-11-24,1,4,0,2012-12-04
1083,23,160,9,3,KGID23001083,Zayyan,1974-08-05,1,7,0,1998-02-15
1084,20,139,4,8,KGID20001084,Amara,1997-08-28,2,8,0,2022-05-11
1085,1,5,7,1,KGID01001085,Farhan,1996-11-27,1,7,0,2019-11-04
1086,8,52,9,6,KGID08001086,Nidra,1981-04-18,1,3,0,2003-09-11
1087,3,19,3,8,KGID03001087,Yagnesh,1984-06-23,1,5,0,2011-03-01
1088,14,96,5,1,KGID14001088,Upkaar,2004-02-18,1,3,0,2020-06-30
1089,20,136,8,6,KGID20001089,Faris,1978-08-05,1,7,0,2008-05-25
1090,13,92,10,5,KGID13001090,Azad,1991-09-07,1,3,0,2018-01-15
1091,24,164,10,2,KGID24001091,Ladli,1970-12-14,1,6,0,1998-09-03
1092,7,49,10,5,KGID07001092,Vamakshi,1981-06-13,1,5,0,2006-02-20
1093,22,153,10,2,KGID22001093,Aditya,1969-07-27,1,6,0,1995-09-26
1094,28,196,4,4,KGID28001094,Fitan,1993-07-01,1,1,0,2018-10-28
1095,11,73,6,4,KGID11001095,Radha,1985-12-27,1,4,0,2014-04-25
1096,13,87,8,3,KGID13001096,Garima,1991-05-10,1,4,0,2017-07-28
1097,23,157,8,5,KGID23001097,Girish,1988-06-06,1,7,0,2015-07-05
1098,4,26,10,6,KGID04001098,Brijesh,2000-08-08,1,8,0,2024-01-17
1099,29,204,9,6,KGID29001099,Vaishnavi,1975-12-30,1,7,0,2000-12-08
1100,30,208,5,4,KGID30001100,Falan,1977-07-10,1,3,0,2004-03-07
1101,21,147,7,1,KGID21001101,Avni,1992-10-26,1,2,0,2022-09-14
1102,20,138,9,3,KGID20001102,Bachittar,2000-10-08,2,2,0,2022-04-10
1103,18,124,10,5,KGID18001103,Divya,1974-02-16,1,3,0,2002-07-10
1104,14,94,2,8,KGID14001104,Sarthak,1968-01-27,1,3,0,1993-05-09
1105,26,178,9,5,KGID26001105,Mitali,1989-03-19,1,8,1,2014-05-18
1106,24,166,10,2,KGID24001106,Chandani,2001-11-11,1,8,0,2021-01-07
1107,17,115,9,3,KGID17001107,Wridesh,1973-07-03,1,8,0,1997-01-15
1108,29,201,9,5,KGID29001108,Lopa,1988-06-17,1,7,0,2011-06-12
1109,17,120,10,2,KGID17001109,Garima,1992-07-18,2,5,0,2022-01-18
1110,8,52,7,2,KGID08001110,Logan,1981-09-11,1,2,0,2009-12-21
1111,27,187,9,2,KGID27001111,Farhan,1996-09-28,1,8,0,2025-02-13
1112,1,7,10,3,KGID01001112,Hiral,1986-01-09,1,4,0,2008-03-21
1113,31,213,6,4,KGID31001113,Rajeshri,1969-06-24,1,6,0,1996-06-11
1114,2,15,9,2,KGID02001114,Faqid,1976-01-31,1,7,0,2001-11-17
1115,23,160,10,5,KGID23001115,Mekhala,1980-02-05,1,2,0,2003-02-06
1116,13,88,10,5,KGID13001116,Eta,2003-05-06,1,7,0,2026-05-02
1117,3,20,8,5,KGID03001117,Anjali,1968-08-03,1,1,0,1992-08-10
1118,5,32,10,6,KGID05001118,Shravya,1996-06-26,1,2,0,2022-02-07
1119,11,74,7,1,KGID11001119,Ishani,1985-08-24,1,7,0,2013-02-27
1120,12,82,10,6,KGID12001120,Keya,1987-12-16,1,8,0,2016-02-22
1121,28,192,10,2,KGID28001121,Lajita,1983-06-22,1,2,0,2008-06-22
1122,24,168,8,3,KGID24001122,Chakrika,1970-08-31,1,8,0,1996-01-24
1123,28,192,9,3,KGID28001123,Ethan,1997-01-08,1,3,0,2023-03-12
1124,23,162,4,8,KGID23001124,Mitesh,1970-07-12,1,8,0,1997-07-30
1125,27,187,10,3,KGID27001125,Mitesh,1981-07-21,1,8,0,2003-07-18
1126,11,77,6,2,KGID11001126,Edhitha,1994-11-11,1,4,0,2020-10-14
1127,22,154,10,3,KGID22001127,Gavin,1980-11-02,1,5,0,2008-10-23
1128,30,210,10,3,KGID30001128,Darika,1967-09-08,3,7,0,1995-11-29
1129,22,153,4,4,KGID22001129,Anamika,1983-12-13,2,5,0,2013-07-31
1130,31,214,9,3,KGID31001130,Gagan,1971-04-11,2,6,0,2000-09-07
1131,26,181,10,3,KGID26001131,Saumya,1974-06-05,2,8,1,2003-08-29
1132,1,5,7,2,KGID01001132,Yauvani,1988-02-07,2,8,0,2016-04-26
1133,23,162,10,2,KGID23001133,Atharv,1982-08-04,1,8,0,2010-08-13
1134,16,108,3,8,KGID16001134,Girik,1970-10-23,1,3,0,1999-07-15
1135,30,210,3,4,KGID30001135,Ekta,1989-07-31,1,4,0,2016-10-02
1136,10,68,7,2,KGID10001136,Advik,1999-06-15,1,2,0,2018-06-18
1137,27,189,10,3,KGID27001137,Lipika,1978-04-17,2,6,0,2002-11-26
1138,22,150,5,8,KGID22001138,Xavier,1996-04-28,1,4,0,2025-02-07
1139,28,193,9,5,KGID28001139,Omkaar,1988-08-28,1,3,0,2017-01-09
1140,29,199,7,1,KGID29001140,Omkaar,1992-11-07,1,2,0,2015-07-27
1141,25,172,6,4,KGID25001141,Charvi,1972-08-18,1,1,0,1997-09-09
1142,30,209,7,2,KGID30001142,Madhav,1977-06-04,1,8,1,2007-01-16
1143,19,130,8,2,KGID19001143,Radhika,1969-11-01,1,7,0,1995-06-11
1144,30,206,9,6,KGID30001144,Chandani,1977-09-14,1,1,0,2003-09-28
1145,10,69,10,6,KGID10001145,Faraj,1985-05-30,1,1,0,2013-05-13
1146,15,102,10,2,KGID15001146,Yatin,1980-11-08,2,7,0,2005-05-15
1147,11,76,10,5,KGID11001147,Warhi,1994-03-02,1,2,0,2019-08-21
1148,19,131,6,4,KGID19001148,Rohan,1989-06-19,2,5,0,2018-06-22
1149,21,144,10,5,KGID21001149,Krishna,1984-06-07,1,4,0,2007-01-10
1150,26,181,8,2,KGID26001150,Meghana,1978-10-07,1,2,0,2007-10-06
1151,3,20,5,4,KGID03001151,Lajita,1979-10-14,2,2,0,2005-04-13
1152,3,20,5,4,KGID03001152,Forum,1997-03-31,1,7,0,2019-11-05
1153,29,204,10,2,KGID29001153,Qushi,1983-10-13,1,7,0,2009-01-26
1154,18,125,10,2,KGID18001154,Laban,1997-09-01,1,7,0,2024-09-26
1155,27,187,10,2,KGID27001155,Sai,1978-08-11,1,4,0,2005-09-07
1156,1,6,8,2,KGID01001156,Peter,1985-03-20,1,4,0,2013-11-06
1157,6,40,8,5,KGID06001157,Eiravati,2003-03-09,1,8,0,2021-09-10
1158,6,43,6,1,KGID06001158,Vritti,1978-04-11,1,7,0,2001-09-09
1159,28,196,7,2,KGID28001159,Xavier,2003-04-21,1,3,0,2020-05-06
1160,26,182,10,5,KGID26001160,Avni,1979-07-21,1,3,0,2001-08-17
1161,22,153,6,4,KGID22001161,Maya,1997-09-14,1,4,0,2020-04-19
1162,28,193,5,1,KGID28001162,Ryan,1980-12-31,1,8,0,2006-10-24
1163,20,141,8,5,KGID20001163,Pranit,1989-05-28,1,6,0,2017-11-16
1164,18,127,10,2,KGID18001164,Avi,1992-09-19,1,1,0,2019-10-18
1165,1,3,8,3,KGID01001165,Triya,2002-10-03,1,8,0,2019-06-02
1166,15,101,6,2,KGID15001166,Shaurya,2002-05-21,1,1,0,2021-12-04
1167,4,24,9,2,KGID04001167,Bishakha,1983-09-19,1,4,0,2007-04-19
1168,16,110,10,2,KGID16001168,Ekapad,1998-04-02,1,3,0,2022-06-20
1169,12,81,7,2,KGID12001169,Nilima,1997-10-18,1,4,0,2025-12-31
1170,12,81,5,1,KGID12001170,Liam,1992-05-24,1,2,0,2021-12-22
1171,9,64,10,3,KGID09001171,Wyatt,1990-12-05,1,3,0,2017-01-21
1172,27,188,6,4,KGID27001172,Mitesh,1976-11-03,1,3,0,1999-07-23
1173,9,60,9,5,KGID09001173,Krishna,1993-12-16,1,4,0,2019-07-05
1174,27,186,8,5,KGID27001174,Varenya,1970-03-25,1,1,0,1993-11-17
1175,12,85,6,4,KGID12001175,Yashawini,1989-01-14,2,4,0,2017-07-28
1176,21,143,6,4,KGID21001176,Omya,2001-08-31,1,7,0,2024-05-17
1177,28,195,7,2,KGID28001177,Jagvi,1987-08-11,1,3,0,2015-03-09
1178,16,113,9,6,KGID16001178,Frederick,1993-06-15,1,7,0,2020-12-26
1179,25,176,8,3,KGID25001179,Yuvraj,1971-07-17,2,8,0,1995-12-27
1180,17,120,10,6,KGID17001180,Isha,1991-10-29,1,6,0,2018-01-14
1181,4,27,10,2,KGID04001181,Chaitanya,1973-08-25,1,6,0,1998-12-10
1182,2,14,9,5,KGID02001182,Mugdha,1988-05-01,1,7,0,2015-02-04
1183,22,151,10,6,KGID22001183,Garima,2003-04-08,1,4,0,2025-07-12
1184,4,25,9,2,KGID04001184,Qushi,2003-03-24,1,2,0,2020-10-14
1185,10,70,10,2,KGID10001185,Guneet,1971-05-31,1,4,0,1997-06-08
1186,29,203,10,5,KGID29001186,Yashvi,1977-01-24,1,4,0,2006-09-18
1187,6,43,1,8,KGID06001187,Timothy,1995-02-16,1,5,0,2017-03-16
1188,18,123,4,8,KGID18001188,Mahika,1983-12-27,1,3,0,2013-04-27
1189,10,70,10,3,KGID10001189,Xiti,1984-08-17,1,8,0,2011-12-07
1190,20,140,10,2,KGID20001190,Aryan,1973-01-26,1,7,0,1998-07-26
1191,30,210,9,6,KGID30001191,Chakrika,1985-05-10,1,1,0,2012-05-21
1192,25,174,6,2,KGID25001192,Frederick,1982-11-19,1,6,0,2004-12-22
1193,18,127,9,6,KGID18001193,Lucky,1971-10-15,1,6,0,2001-07-07
1194,25,172,7,1,KGID25001194,Hemal,1980-05-19,2,6,0,2004-02-02
1195,26,182,5,8,KGID26001195,Samuel,1984-05-04,2,4,0,2010-09-16
1196,3,21,9,3,KGID03001196,Ijaya,1986-10-10,1,8,0,2014-01-30
1197,13,92,10,2,KGID13001197,Raksha,1985-02-10,1,1,0,2014-08-31
1198,26,182,9,3,KGID26001198,Sneha,1994-03-17,1,7,0,2018-06-04
1199,10,71,10,2,KGID10001199,Charita,1979-04-18,1,1,0,2006-05-18
1200,18,125,9,2,KGID18001200,Ishwar,1969-02-22,1,8,0,1992-07-29
