BondRecordID,CaseMasterID,AccusedMasterID,signDate,expiryDate,status
1,2,3,2025-09-25,2026-03-24,Expired
2,4,7,2024-10-04,2025-09-29,Expired
3,13,34,2023-04-01,2025-03-21,Expired
4,24,64,2026-06-04,2029-05-19,Active
5,37,97,2024-10-24,2026-10-14,Active
6,39,102,2026-06-30,2026-12-27,Violated
7,41,105,2023-04-16,2025-04-05,Expired
8,52,135,2024-07-13,2026-07-03,Active
9,53,140,2023-05-13,2023-11-09,Expired
10,58,155,2023-09-22,2026-09-06,Active
11,63,170,2023-08-18,2024-02-14,Expired
12,64,174,2024-05-19,2026-05-09,Expired
13,67,183,2025-06-07,2025-12-04,Renewed
14,71,195,2023-04-30,2026-04-14,Expired
15,71,196,2023-09-06,2025-08-26,Expired
16,74,204,2023-03-05,2026-02-17,Renewed
17,81,221,2026-06-30,2028-06-19,Active
18,83,227,2025-05-03,2027-04-23,Active
19,85,229,2025-06-02,2025-11-29,Expired
20,98,253,2026-06-18,2029-06-02,Active
21,110,289,2026-06-30,2029-06-14,Active
22,111,294,2024-09-11,2026-09-01,Active
23,121,316,2026-05-14,2028-05-03,Active
24,122,320,2026-04-28,2028-04-17,Active
25,128,335,2025-08-22,2027-08-12,Active
26,135,351,2026-04-13,2029-03-28,Active
27,139,358,2025-09-04,2026-03-03,Renewed
28,141,362,2026-06-30,2027-06-25,Active
29,144,370,2023-08-20,2025-08-09,Expired
30,159,402,2025-10-10,2026-04-08,Renewed
31,162,411,2026-06-30,2029-06-14,Active
32,165,418,2026-06-30,2027-06-25,Active
33,165,419,2026-06-30,2026-12-27,Active
34,166,422,2025-04-18,2028-04-02,Active
35,167,425,2024-06-28,2027-06-13,Active
36,169,430,2024-07-09,2025-01-05,Renewed
37,171,439,2025-12-28,2027-12-18,Active
38,172,441,2025-05-15,2027-05-05,Active
39,183,471,2024-06-21,2025-06-16,Expired
40,184,474,2024-02-09,2025-02-03,Renewed
41,188,490,2025-05-11,2026-05-06,Expired
42,190,493,2023-04-01,2026-03-16,Expired
43,192,495,2026-01-22,2027-01-17,Active
44,196,503,2025-06-18,2028-06-02,Violated
45,198,508,2024-07-07,2026-06-27,Expired
46,199,509,2025-01-31,2026-01-26,Renewed
47,204,518,2024-10-31,2025-04-29,Expired
48,210,537,2024-08-29,2025-02-25,Expired
49,210,538,2024-07-10,2026-06-30,Active
50,219,556,2026-06-30,2026-12-27,Active
51,219,557,2026-06-30,2026-12-27,Active
52,229,580,2023-12-10,2026-11-24,Active
53,235,596,2025-07-07,2028-06-21,Active
54,236,599,2025-05-28,2027-05-18,Active
55,239,608,2024-08-14,2025-02-10,Expired
56,252,639,2023-09-01,2026-08-16,Active
57,259,654,2023-08-07,2026-07-22,Active
58,260,656,2024-05-30,2026-05-20,Renewed
59,260,657,2024-09-18,2025-03-17,Expired
60,263,664,2024-03-15,2025-03-10,Violated
61,266,675,2026-06-30,2026-12-27,Active
62,273,690,2023-10-05,2024-09-29,Renewed
63,274,691,2026-06-30,2027-06-25,Active
64,279,700,2024-08-06,2025-02-02,Expired
65,281,707,2026-06-30,2027-06-25,Active
66,283,710,2024-03-07,2024-09-03,Violated
67,284,713,2025-06-02,2025-11-29,Renewed
68,286,721,2024-06-21,2024-12-18,Expired
69,288,725,2026-05-27,2029-05-11,Active
70,296,738,2023-10-05,2024-04-02,Expired
71,298,742,2024-05-07,2027-04-22,Active
72,300,745,2024-05-27,2024-11-23,Expired
73,303,757,2025-08-16,2026-08-11,Active
74,324,811,2026-05-03,2028-04-22,Active
75,341,852,2025-10-08,2028-09-22,Active
76,344,860,2023-07-17,2026-07-01,Active
77,350,873,2026-06-30,2029-06-14,Violated
78,370,922,2025-11-19,2027-11-09,Active
79,376,942,2024-05-31,2026-05-21,Expired
80,378,950,2025-06-11,2026-06-06,Renewed
81,387,968,2025-04-20,2026-04-15,Expired
82,391,982,2024-09-15,2025-03-14,Expired
83,396,998,2023-04-08,2024-04-02,Renewed
84,404,1014,2024-10-03,2025-04-01,Expired
85,406,1021,2026-06-30,2027-06-25,Active
86,409,1032,2023-08-23,2026-08-07,Active
87,414,1044,2026-05-23,2028-05-12,Active
88,415,1049,2025-05-30,2026-05-25,Renewed
89,421,1067,2024-07-25,2025-07-20,Renewed
90,429,1085,2023-07-11,2024-01-07,Expired
91,429,1087,2023-03-22,2026-03-06,Violated
92,440,1114,2025-06-09,2026-06-04,Expired
93,442,1119,2025-04-30,2026-04-25,Expired
94,442,1120,2025-08-09,2028-07-24,Active
95,447,1132,2025-04-09,2026-04-04,Expired
96,448,1134,2024-09-07,2026-08-28,Active
97,455,1149,2025-02-19,2025-08-18,Expired
98,463,1176,2024-04-03,2025-03-29,Expired
99,464,1179,2024-09-21,2026-09-11,Active
100,470,1197,2023-05-27,2026-05-11,Renewed
101,476,1217,2023-07-26,2024-07-20,Renewed
102,486,1238,2024-06-09,2026-05-30,Expired
103,491,1247,2023-10-14,2026-09-28,Active
104,493,1253,2026-06-30,2028-06-19,Active
105,509,1290,2024-03-17,2027-03-02,Violated
106,517,1310,2024-08-26,2026-08-16,Active
107,519,1315,2023-03-15,2023-09-11,Expired
108,522,1323,2023-07-10,2024-07-04,Expired
109,528,1341,2023-09-26,2026-09-10,Active
110,530,1345,2025-08-06,2026-02-02,Expired
111,540,1370,2023-05-20,2026-05-04,Expired
112,545,1383,2026-06-30,2028-06-19,Active
113,553,1401,2023-07-30,2024-01-26,Expired
114,571,1446,2024-10-23,2026-10-13,Active
115,578,1462,2023-05-12,2024-05-06,Expired
116,588,1489,2025-04-25,2028-04-09,Active
117,589,1492,2024-09-14,2027-08-30,Active
118,593,1505,2026-06-30,2027-06-25,Active
119,597,1516,2026-04-27,2029-04-11,Active
120,601,1524,2026-06-30,2026-12-27,Active
121,603,1531,2025-07-24,2026-07-19,Active
122,605,1536,2023-05-25,2026-05-09,Expired
123,613,1552,2024-01-05,2025-12-25,Renewed
124,622,1575,2025-07-23,2028-07-07,Active
125,623,1577,2025-04-23,2026-04-18,Expired
126,624,1580,2026-05-06,2028-04-25,Active
127,624,1581,2026-05-06,2028-04-25,Active
128,625,1585,2024-10-01,2026-09-21,Active
129,631,1593,2024-03-12,2025-03-07,Expired
130,632,1598,2025-08-04,2027-07-25,Violated
131,653,1658,2023-07-19,2026-07-03,Active
132,659,1677,2023-06-10,2024-06-04,Expired
133,666,1696,2023-07-20,2024-01-16,Expired
134,668,1702,2024-07-21,2027-07-06,Active
135,672,1715,2025-06-06,2025-12-03,Expired
136,679,1741,2023-09-05,2026-08-20,Active
137,683,1750,2025-09-16,2026-09-11,Active
138,686,1760,2025-11-11,2026-11-06,Active
139,694,1780,2026-03-20,2026-09-16,Active
140,706,1812,2023-05-30,2024-05-24,Expired
141,708,1818,2025-07-27,2026-07-22,Active
142,708,1819,2025-06-21,2028-06-05,Active
143,711,1825,2025-09-17,2026-09-12,Active
144,712,1828,2025-09-09,2026-09-04,Active
145,716,1836,2024-07-13,2027-06-28,Active
146,716,1837,2024-11-15,2025-05-14,Expired
147,721,1848,2025-08-04,2028-07-19,Violated
148,729,1873,2025-06-16,2025-12-13,Expired
149,738,1892,2025-08-01,2026-01-28,Expired
150,745,1912,2023-03-24,2025-03-13,Expired
151,754,1940,2023-05-01,2026-04-15,Expired
152,756,1945,2024-02-24,2026-02-13,Renewed
153,757,1950,2026-06-30,2028-06-19,Active
154,758,1951,2025-05-06,2025-11-02,Expired
155,770,1981,2026-06-28,2029-06-12,Violated
156,783,2016,2026-05-23,2029-05-07,Active
157,792,2036,2026-06-30,2027-06-25,Active
158,794,2040,2025-07-20,2028-07-04,Active
159,797,2049,2025-08-14,2027-08-04,Active
160,799,2054,2025-04-18,2026-04-13,Expired
161,808,2078,2024-10-26,2025-10-21,Expired
162,810,2085,2025-05-13,2025-11-09,Expired
163,814,2099,2023-06-16,2026-05-31,Expired
164,825,2126,2026-02-17,2026-08-16,Active
165,827,2131,2023-07-23,2024-07-17,Expired
166,830,2136,2025-10-22,2027-10-12,Active
167,831,2137,2024-09-01,2025-08-27,Expired
168,835,2148,2024-12-14,2026-12-04,Active
169,837,2153,2026-04-12,2027-04-07,Active
170,839,2157,2024-09-17,2025-03-16,Violated
171,845,2173,2023-12-02,2025-11-21,Expired
172,851,2185,2026-06-22,2029-06-06,Active
173,862,2208,2024-08-29,2027-08-14,Active
174,870,2230,2024-04-04,2026-03-25,Expired
175,871,2233,2023-06-18,2026-06-02,Expired
176,872,2237,2026-06-30,2029-06-14,Active
177,875,2242,2025-08-30,2028-08-14,Active
178,879,2249,2025-05-25,2028-05-09,Active
179,881,2256,2023-06-19,2024-06-13,Renewed
180,882,2260,2026-06-30,2026-12-27,Active
181,887,2280,2023-04-14,2025-04-03,Renewed
182,892,2289,2026-05-16,2029-04-30,Active
183,894,2291,2026-06-30,2026-12-27,Active
184,894,2294,2026-06-30,2027-06-25,Active
185,899,2303,2026-06-30,2026-12-27,Active
186,901,2311,2024-11-29,2026-11-19,Active
187,904,2314,2025-04-17,2025-10-14,Renewed
188,910,2326,2026-06-30,2026-12-27,Active
189,929,2371,2026-06-30,2026-12-27,Active
190,944,2407,2025-06-07,2025-12-04,Renewed
191,945,2409,2026-03-05,2028-02-23,Active
192,950,2427,2025-06-10,2027-05-31,Active
193,953,2435,2023-09-04,2026-08-19,Active
194,956,2444,2024-09-13,2026-09-03,Active
195,957,2445,2025-09-12,2026-09-07,Active
196,968,2469,2026-06-30,2028-06-19,Active
197,971,2480,2023-04-24,2023-10-21,Expired
198,972,2487,2025-01-19,2027-01-09,Active
199,976,2497,2025-09-09,2027-08-30,Active
200,987,2518,2026-06-30,2026-12-27,Active
201,997,2541,2023-10-14,2024-10-08,Renewed
202,1000,2548,2026-06-18,2027-06-13,Active
203,1004,2562,2024-06-09,2026-05-30,Expired
204,1011,2582,2023-11-21,2025-11-10,Expired
205,1011,2583,2023-10-07,2024-04-04,Expired
206,1012,2585,2025-07-13,2026-01-09,Expired
207,1012,2587,2025-04-03,2026-03-29,Renewed
208,1026,2618,2025-06-15,2028-05-30,Active
209,1030,2626,2025-04-08,2028-03-23,Active
210,1030,2627,2025-03-27,2026-03-22,Expired
211,1035,2642,2023-07-16,2026-06-30,Active
212,1041,2663,2023-02-27,2025-02-16,Renewed
213,1049,2676,2024-08-29,2026-08-19,Violated
214,1055,2694,2023-06-02,2024-05-27,Expired
215,1064,2712,2025-01-07,2027-12-23,Active
216,1067,2719,2025-04-29,2026-04-24,Renewed
217,1073,2726,2025-06-28,2027-06-18,Violated
218,1073,2727,2025-06-23,2025-12-20,Expired
219,1078,2737,2026-06-30,2026-12-27,Active
220,1081,2743,2025-12-03,2027-11-23,Active
221,1086,2754,2024-08-03,2025-01-30,Expired
222,1095,2776,2024-04-30,2026-04-20,Expired
223,1097,2780,2023-09-18,2024-03-16,Violated
224,1106,2801,2026-06-04,2027-05-30,Active
225,1107,2804,2023-05-19,2026-05-03,Renewed
226,1113,2818,2026-06-30,2028-06-19,Active
227,1127,2848,2024-07-06,2025-01-02,Expired
228,1128,2851,2023-09-25,2026-09-09,Active
229,1137,2872,2026-06-16,2029-05-31,Active
230,1137,2874,2026-03-04,2028-02-22,Active
231,1142,2885,2023-07-20,2024-07-14,Renewed
232,1146,2898,2025-06-17,2026-06-12,Renewed
233,1147,2901,2026-06-20,2026-12-17,Active
234,1154,2916,2023-12-01,2025-11-20,Expired
235,1163,2936,2023-05-16,2023-11-12,Expired
236,1166,2946,2026-04-19,2029-04-03,Active
237,1172,2958,2026-03-22,2026-09-18,Active
238,1182,2992,2023-07-15,2024-01-11,Expired
239,1190,3009,2024-07-19,2025-07-14,Expired
240,1190,3010,2024-07-18,2027-07-03,Active
241,1196,3026,2023-06-25,2026-06-09,Expired
242,1202,3039,2025-04-17,2027-04-07,Active
243,1206,3046,2026-06-30,2026-12-27,Active
244,1210,3055,2023-12-23,2024-06-20,Violated
245,1212,3059,2023-11-01,2024-04-29,Expired
246,1214,3067,2025-05-11,2028-04-25,Active
247,1214,3068,2025-10-06,2027-09-26,Active
248,1230,3114,2023-08-31,2026-08-15,Active
249,1234,3127,2023-07-15,2026-06-29,Violated
250,1240,3142,2024-08-10,2026-07-31,Active
251,1241,3145,2024-09-10,2026-08-31,Violated
252,1245,3157,2024-02-17,2026-02-06,Expired
253,1250,3165,2025-08-10,2026-08-05,Active
254,1252,3170,2024-04-16,2024-10-13,Expired
255,1256,3183,2025-09-30,2028-09-14,Active
256,1256,3184,2025-10-05,2026-04-03,Renewed
257,1268,3216,2025-10-15,2027-10-05,Active
258,1273,3230,2023-12-20,2025-12-09,Expired
259,1274,3232,2026-06-30,2029-06-14,Active
260,1285,3254,2023-06-24,2025-06-13,Expired
261,1294,3281,2025-03-20,2025-09-16,Renewed
262,1297,3289,2023-05-29,2023-11-25,Renewed
263,1298,3295,2024-10-02,2025-03-31,Renewed
264,1300,3298,2024-08-28,2025-02-24,Expired
265,1303,3308,2025-05-21,2027-05-11,Active
266,1303,3310,2025-07-03,2026-06-28,Expired
267,1308,3318,2024-09-04,2025-03-03,Expired
268,1319,3342,2025-06-16,2025-12-13,Renewed
269,1326,3356,2024-09-15,2027-08-31,Violated
270,1328,3361,2026-03-22,2028-03-11,Active
271,1339,3385,2024-09-09,2025-09-04,Expired
272,1344,3401,2024-04-10,2027-03-26,Active
273,1346,3405,2026-06-24,2029-06-08,Active
274,1349,3414,2023-07-21,2025-07-10,Expired
275,1350,3418,2023-07-11,2024-01-07,Expired
276,1355,3427,2025-07-14,2026-07-09,Active
277,1357,3432,2025-06-17,2025-12-14,Expired
278,1358,3435,2025-08-24,2027-08-14,Active
279,1359,3438,2023-09-22,2025-09-11,Expired
280,1361,3443,2026-06-24,2027-06-19,Active
281,1377,3488,2026-06-30,2029-06-14,Active
282,1382,3497,2026-06-30,2027-06-25,Active
283,1384,3503,2023-05-21,2026-05-05,Expired
284,1388,3511,2026-06-30,2029-06-14,Active
285,1390,3516,2026-06-26,2028-06-15,Violated
286,1394,3526,2023-05-03,2026-04-17,Expired
287,1399,3543,2024-06-02,2024-11-29,Expired
288,1400,3545,2026-06-30,2029-06-14,Active
289,1403,3556,2024-06-20,2026-06-10,Expired
290,1424,3605,2025-07-06,2026-01-02,Expired
291,1432,3618,2025-10-21,2027-10-11,Active
292,1436,3633,2026-06-30,2027-06-25,Active
293,1436,3635,2026-06-24,2029-06-08,Active
294,1447,3660,2026-06-30,2029-06-14,Active
295,1447,3662,2026-06-30,2028-06-19,Active
296,1450,3668,2024-03-13,2025-03-08,Expired
297,1456,3686,2023-10-25,2024-10-19,Renewed
298,1479,3740,2025-08-12,2027-08-02,Active
299,1479,3741,2025-09-11,2026-09-06,Active
300,1481,3747,2026-05-01,2029-04-15,Active
301,1495,3782,2024-05-24,2025-05-19,Expired
302,1496,3785,2023-05-06,2023-11-02,Renewed
303,1501,3797,2026-06-30,2027-06-25,Active
304,1507,3813,2026-06-30,2027-06-25,Active
305,1513,3825,2024-03-10,2026-02-28,Expired
306,1515,3829,2026-06-30,2029-06-14,Active
307,1516,3833,2026-06-03,2028-05-23,Active
308,1520,3846,2024-08-01,2027-07-17,Active
309,1528,3859,2026-06-30,2029-06-14,Active
310,1538,3889,2026-05-13,2026-11-09,Violated
311,1539,3891,2025-09-25,2026-09-20,Active
312,1554,3924,2025-07-29,2028-07-13,Active
313,1558,3936,2024-04-16,2025-04-11,Expired
314,1563,3949,2026-06-30,2029-06-14,Active
315,1572,3971,2023-10-04,2025-09-23,Renewed
316,1575,3978,2024-06-18,2026-06-08,Expired
317,1577,3983,2024-06-27,2027-06-12,Active
318,1579,3990,2025-09-25,2027-09-15,Active
319,1581,3997,2025-07-25,2026-01-21,Expired
320,1594,4027,2025-06-25,2026-06-20,Renewed
321,1594,4028,2025-05-31,2027-05-21,Active
322,1600,4040,2026-06-30,2028-06-19,Active
323,1614,4074,2025-06-22,2027-06-12,Active
324,1619,4089,2023-06-13,2024-06-07,Expired
325,1620,4092,2023-06-24,2023-12-21,Violated
326,1624,4099,2025-10-28,2028-10-12,Active
327,1626,4106,2026-06-30,2029-06-14,Active
328,1634,4120,2025-10-02,2026-03-31,Expired
329,1639,4137,2026-06-30,2026-12-27,Active
330,1643,4143,2023-09-20,2026-09-04,Violated
331,1645,4149,2025-04-13,2025-10-10,Expired
332,1646,4153,2026-06-30,2029-06-14,Active
333,1650,4163,2023-04-25,2023-10-22,Expired
334,1654,4175,2025-12-22,2026-06-20,Expired
335,1655,4176,2024-07-18,2025-01-14,Expired
336,1661,4189,2025-05-18,2025-11-14,Expired
337,1669,4208,2023-08-17,2024-02-13,Expired
338,1676,4225,2025-04-28,2026-04-23,Expired
339,1680,4235,2024-07-03,2024-12-30,Violated
340,1681,4236,2023-05-06,2025-04-25,Renewed
341,1681,4238,2023-08-19,2026-08-03,Active
342,1687,4252,2025-10-31,2026-04-29,Expired
343,1693,4264,2025-08-17,2026-02-13,Violated
344,1699,4281,2023-12-15,2026-11-29,Active
345,1699,4282,2023-12-02,2024-05-30,Expired
346,1704,4294,2024-06-29,2025-06-24,Violated
347,1705,4297,2023-09-17,2026-09-01,Active
348,1711,4311,2025-03-03,2028-02-16,Active
349,1713,4318,2024-01-30,2027-01-14,Active
350,1717,4328,2026-06-09,2029-05-24,Active
351,1731,4361,2026-04-23,2028-04-12,Active
352,1737,4375,2025-08-25,2028-08-09,Active
353,1749,4408,2023-12-10,2026-11-24,Active
354,1750,4409,2023-07-14,2024-01-10,Expired
355,1768,4454,2025-08-14,2026-08-09,Active
356,1768,4455,2025-04-18,2028-04-02,Active
357,1770,4463,2026-06-30,2027-06-25,Violated
358,1772,4467,2025-06-18,2025-12-15,Expired
359,1780,4491,2026-06-30,2028-06-19,Active
360,1785,4502,2026-03-17,2029-03-01,Violated
361,1803,4544,2025-08-23,2028-08-07,Violated
362,1808,4554,2026-06-30,2026-12-27,Active
363,1825,4596,2023-08-17,2024-02-13,Violated
364,1829,4607,2024-08-18,2025-08-13,Expired
365,1834,4618,2024-03-17,2025-03-12,Expired
366,1838,4626,2026-06-30,2029-06-14,Active
367,1840,4632,2023-05-01,2024-04-25,Expired
368,1846,4642,2024-06-18,2026-06-08,Expired
369,1852,4656,2025-06-05,2025-12-02,Expired
370,1854,4664,2025-03-20,2027-03-10,Active
371,1860,4679,2023-08-25,2024-02-21,Expired
372,1872,4714,2026-06-30,2029-06-14,Active
373,1872,4715,2026-06-30,2026-12-27,Active
374,1876,4724,2023-06-27,2025-06-16,Expired
375,1882,4740,2024-02-23,2026-02-12,Expired
376,1884,4745,2026-06-10,2028-05-30,Active
377,1885,4747,2025-11-21,2028-11-05,Active
378,1888,4755,2024-08-30,2026-08-20,Active
379,1893,4766,2023-09-19,2024-09-13,Expired
380,1897,4777,2024-09-29,2025-09-24,Renewed
381,1903,4792,2023-05-25,2024-05-19,Renewed
382,1904,4798,2025-09-24,2026-03-23,Violated
383,1907,4801,2023-04-03,2024-03-28,Renewed
384,1909,4806,2026-06-30,2028-06-19,Active
385,1913,4811,2023-04-14,2025-04-03,Expired
386,1929,4848,2023-11-22,2024-11-16,Renewed
387,1943,4883,2025-07-04,2028-06-18,Active
388,1943,4885,2025-05-09,2026-05-04,Expired
389,1944,4886,2025-02-28,2025-08-27,Expired
390,1946,4890,2023-07-22,2026-07-06,Active
391,1954,4911,2025-11-25,2027-11-15,Active
392,1971,4953,2026-06-30,2029-06-14,Active
393,1976,4962,2026-06-30,2028-06-19,Active
394,1978,4967,2023-08-02,2024-01-29,Expired
395,1980,4976,2025-10-19,2026-10-14,Active
396,1991,5000,2026-06-30,2028-06-19,Active
397,1991,5001,2026-06-30,2027-06-25,Active
398,1993,5006,2026-05-07,2029-04-21,Active
399,1993,5008,2026-03-24,2027-03-19,Active
400,1995,5012,2023-09-25,2025-09-14,Renewed
401,2002,5030,2026-06-25,2026-12-22,Violated
402,2002,5031,2026-06-30,2026-12-27,Active
403,2011,5052,2025-11-20,2028-11-04,Active
404,2015,5061,2025-07-12,2026-07-07,Active
405,2017,5066,2025-03-27,2026-03-22,Renewed
406,2017,5067,2025-06-24,2027-06-14,Active
407,2024,5085,2026-06-08,2028-05-28,Active
408,2025,5086,2024-10-06,2025-10-01,Expired
409,2030,5100,2024-11-06,2027-10-22,Active
410,2034,5114,2023-04-01,2025-03-21,Expired
411,2034,5115,2023-06-23,2025-06-12,Renewed
412,2038,5125,2026-06-17,2027-06-12,Active
413,2043,5137,2024-05-03,2026-04-23,Renewed
414,2049,5150,2023-04-24,2025-04-13,Expired
415,2050,5153,2026-06-30,2026-12-27,Active
416,2053,5160,2025-11-16,2026-11-11,Active
417,2056,5167,2023-08-21,2025-08-10,Expired
418,2057,5171,2026-04-24,2028-04-13,Active
419,2072,5205,2024-08-22,2026-08-12,Active
420,2072,5206,2024-07-30,2025-07-25,Expired
421,2077,5217,2024-09-16,2027-09-01,Active
422,2077,5219,2024-08-15,2025-02-11,Renewed
423,2080,5227,2023-07-02,2026-06-16,Expired
424,2084,5235,2025-07-24,2027-07-14,Active
425,2088,5243,2023-03-22,2026-03-06,Expired
426,2093,5250,2026-06-30,2027-06-25,Active
427,2096,5255,2024-07-28,2025-07-23,Expired
428,2106,5273,2026-06-30,2028-06-19,Active
429,2106,5275,2026-06-30,2026-12-27,Active
430,2112,5287,2024-10-23,2027-10-08,Active
431,2114,5293,2025-10-07,2027-09-27,Active
432,2116,5298,2026-04-27,2028-04-16,Active
433,2120,5312,2025-06-11,2028-05-26,Active
434,2126,5324,2024-04-10,2026-03-31,Expired
435,2129,5331,2026-06-16,2029-05-31,Active
436,2130,5333,2024-07-01,2026-06-21,Expired
437,2133,5340,2024-10-30,2027-10-15,Active
438,2136,5347,2026-06-30,2026-12-27,Active
439,2152,5388,2024-08-20,2027-08-05,Active
440,2157,5401,2023-03-17,2026-03-01,Expired
441,2158,5402,2023-12-27,2024-12-21,Expired
442,2161,5411,2025-09-29,2028-09-13,Active
443,2163,5414,2026-06-08,2026-12-05,Active
444,2164,5418,2023-07-03,2024-06-27,Expired
445,2169,5428,2024-07-30,2026-07-20,Active
446,2171,5432,2024-06-09,2027-05-25,Active
447,2186,5468,2026-06-24,2029-06-08,Active
448,2187,5472,2025-02-13,2025-08-12,Expired
449,2189,5477,2024-06-20,2024-12-17,Renewed
450,2192,5482,2023-08-19,2024-02-15,Expired
451,2193,5485,2024-06-08,2026-05-29,Expired
452,2197,5497,2025-09-13,2028-08-28,Active
453,2202,5510,2023-11-18,2026-11-02,Active
454,2215,5542,2026-04-08,2026-10-05,Active
455,2235,5587,2023-05-17,2023-11-13,Renewed
456,2240,5599,2025-04-21,2026-04-16,Expired
457,2241,5605,2024-06-14,2024-12-11,Renewed
458,2242,5609,2025-06-11,2026-06-06,Renewed
459,2247,5621,2026-06-30,2029-06-14,Active
460,2250,5627,2025-04-29,2026-04-24,Expired
461,2254,5640,2025-07-02,2025-12-29,Renewed
462,2257,5647,2026-06-30,2028-06-19,Active
463,2261,5657,2023-08-29,2024-02-25,Violated
464,2263,5659,2026-06-30,2026-12-27,Active
465,2269,5676,2025-09-12,2027-09-02,Active
466,2274,5686,2026-06-24,2026-12-21,Active
467,2285,5718,2025-08-27,2027-08-17,Active
468,2287,5722,2025-09-24,2026-09-19,Violated
469,2289,5729,2026-04-23,2027-04-18,Active
470,2290,5731,2024-05-04,2026-04-24,Renewed
471,2291,5732,2024-09-01,2027-08-17,Active
472,2292,5734,2026-05-20,2027-05-15,Active
473,2298,5747,2025-05-04,2028-04-18,Active
474,2309,5775,2026-06-30,2026-12-27,Active
475,2311,5778,2025-07-06,2028-06-20,Active
476,2312,5780,2024-05-18,2024-11-14,Expired
477,2317,5786,2023-04-04,2026-03-19,Expired
478,2320,5792,2026-06-30,2027-06-25,Active
479,2324,5804,2025-06-30,2026-06-25,Expired
480,2326,5807,2026-06-30,2029-06-14,Active
481,2327,5811,2026-06-30,2029-06-14,Active
482,2332,5824,2024-09-22,2025-09-17,Expired
483,2337,5836,2023-07-19,2025-07-08,Renewed
484,2349,5865,2026-06-30,2027-06-25,Active
485,2352,5869,2024-07-13,2025-07-08,Violated
486,2353,5871,2026-02-19,2026-08-18,Active
487,2359,5889,2026-06-15,2028-06-04,Active
488,2365,5899,2023-03-25,2026-03-09,Expired
489,2371,5920,2023-10-18,2024-10-12,Expired
490,2374,5927,2024-04-24,2026-04-14,Expired
491,2382,5944,2023-10-14,2025-10-03,Expired
492,2384,5953,2026-06-30,2026-12-27,Active
493,2385,5955,2026-05-04,2026-10-31,Active
494,2386,5961,2023-06-25,2023-12-22,Expired
495,2389,5965,2026-06-30,2028-06-19,Active
496,2396,5980,2023-07-30,2024-01-26,Expired
497,2405,6001,2023-07-22,2024-01-18,Expired
498,2413,6017,2025-08-17,2026-02-13,Expired
499,2418,6027,2026-05-30,2029-05-14,Active
500,2422,6044,2023-11-02,2024-04-30,Expired
501,2425,6047,2023-04-14,2023-10-11,Renewed
502,2433,6067,2025-06-23,2025-12-20,Expired
503,2434,6069,2025-10-23,2026-10-18,Active
504,2437,6076,2025-04-20,2026-04-15,Expired
505,2441,6086,2026-06-30,2027-06-25,Active
506,2467,6143,2023-07-28,2026-07-12,Active
507,2469,6149,2023-04-14,2023-10-11,Renewed
508,2471,6153,2024-07-09,2027-06-24,Active
509,2473,6159,2026-03-14,2029-02-26,Active
510,2476,6165,2025-05-16,2026-05-11,Expired
511,2478,6170,2025-11-01,2028-10-16,Active
512,2478,6172,2025-10-08,2026-10-03,Active
513,2506,6244,2026-04-28,2029-04-12,Active
514,2516,6270,2023-03-28,2023-09-24,Expired
515,2520,6281,2024-08-07,2025-02-03,Renewed
516,2525,6289,2026-06-21,2027-06-16,Active
517,2531,6312,2023-05-06,2023-11-02,Expired
518,2545,6349,2025-10-30,2026-10-25,Active
519,2553,6373,2023-04-21,2024-04-15,Renewed
520,2567,6412,2026-04-29,2026-10-26,Active
521,2569,6417,2026-06-12,2028-06-01,Active
522,2571,6422,2026-06-30,2026-12-27,Active
523,2578,6437,2025-04-24,2027-04-14,Active
524,2582,6449,2024-08-26,2025-08-21,Expired
525,2584,6454,2025-04-17,2026-04-12,Violated
526,2586,6461,2026-06-30,2027-06-25,Active
527,2587,6464,2024-04-21,2024-10-18,Expired
528,2592,6475,2023-07-01,2025-06-20,Expired
529,2593,6479,2025-09-04,2026-03-03,Expired
530,2594,6483,2025-05-17,2027-05-07,Active
531,2595,6487,2024-03-30,2027-03-15,Active
532,2607,6514,2023-11-19,2024-05-17,Expired
533,2609,6520,2023-04-02,2024-03-27,Expired
534,2621,6545,2026-06-30,2026-12-27,Active
535,2623,6554,2025-07-12,2026-07-07,Active
536,2624,6558,2025-11-23,2027-11-13,Violated
537,2625,6560,2024-08-31,2026-08-21,Active
538,2628,6569,2023-09-29,2025-09-18,Expired
539,2631,6576,2024-10-28,2026-10-18,Violated
540,2632,6578,2025-09-02,2028-08-17,Active
541,2639,6591,2024-07-27,2025-07-22,Expired
542,2643,6600,2026-06-30,2026-12-27,Active
543,2649,6612,2025-11-30,2028-11-14,Active
544,2650,6616,2026-06-30,2028-06-19,Active
545,2655,6625,2026-06-24,2026-12-21,Active
546,2662,6646,2025-06-09,2025-12-06,Renewed
547,2666,6655,2026-06-30,2026-12-27,Active
548,2670,6667,2023-11-04,2025-10-24,Expired
549,2674,6674,2024-07-04,2026-06-24,Expired
550,2676,6679,2023-10-16,2024-04-13,Expired
551,2677,6680,2026-06-29,2027-06-24,Active
552,2680,6687,2023-07-24,2025-07-13,Expired
553,2684,6699,2025-07-11,2026-07-06,Active
554,2686,6706,2025-07-31,2026-07-26,Active
555,2697,6735,2025-09-14,2026-09-09,Active
556,2701,6744,2026-06-30,2029-06-14,Active
557,2705,6751,2025-07-07,2026-07-02,Active
558,2707,6758,2025-11-30,2026-11-25,Active
559,2709,6764,2024-02-12,2027-01-27,Active
560,2710,6768,2023-10-28,2024-04-25,Violated
561,2716,6785,2024-10-10,2025-04-08,Renewed
562,2726,6809,2023-06-15,2025-06-04,Expired
563,2735,6830,2026-06-30,2027-06-25,Active
564,2735,6831,2026-06-20,2028-06-09,Active
565,2735,6832,2026-06-30,2029-06-14,Active
566,2736,6835,2024-08-24,2027-08-09,Active
567,2738,6838,2026-06-30,2028-06-19,Active
568,2742,6847,2026-06-30,2027-06-25,Active
569,2753,6869,2023-04-19,2023-10-16,Expired
570,2755,6876,2025-08-18,2028-08-02,Active
571,2759,6887,2023-07-11,2026-06-25,Expired
572,2761,6892,2026-06-30,2026-12-27,Active
573,2767,6905,2023-06-07,2026-05-22,Expired
574,2772,6917,2024-08-04,2026-07-25,Active
575,2773,6920,2023-03-20,2024-03-14,Expired
576,2778,6936,2025-10-07,2027-09-27,Active
577,2779,6939,2025-12-20,2027-12-10,Active
578,2798,6981,2025-03-31,2027-03-21,Active
579,2800,6988,2024-03-25,2025-03-20,Expired
580,2800,6991,2024-05-17,2024-11-13,Expired
581,2801,6992,2024-05-20,2024-11-16,Renewed
582,2801,6993,2024-03-19,2027-03-04,Active
583,2803,6999,2026-06-30,2029-06-14,Active
584,2804,7004,2024-06-15,2027-05-31,Active
585,2808,7016,2026-05-25,2028-05-14,Active
586,2808,7017,2026-06-12,2029-05-27,Active
587,2822,7051,2025-09-19,2026-03-18,Renewed
588,2831,7074,2024-05-26,2027-05-11,Active
589,2834,7081,2024-05-17,2024-11-13,Expired
590,2835,7085,2025-10-19,2026-10-14,Active
591,2843,7110,2024-06-20,2027-06-05,Active
592,2845,7116,2024-07-18,2025-01-14,Expired
593,2849,7127,2024-08-13,2025-02-09,Expired
594,2857,7144,2024-09-02,2025-08-28,Expired
595,2873,7183,2024-08-20,2025-08-15,Expired
596,2880,7200,2025-05-08,2028-04-22,Active
597,2883,7208,2025-08-19,2026-08-14,Active
598,2889,7222,2024-07-23,2026-07-13,Active
599,2889,7223,2024-10-21,2026-10-11,Active
600,2893,7230,2026-05-13,2029-04-27,Active
601,2900,7249,2025-04-16,2025-10-13,Expired
602,2905,7260,2025-04-24,2026-04-19,Expired
603,2909,7272,2025-11-28,2027-11-18,Active
604,2909,7273,2025-11-24,2028-11-08,Active
605,2917,7296,2025-09-20,2027-09-10,Active
606,2924,7316,2024-10-12,2027-09-27,Active
607,2926,7319,2024-04-28,2026-04-18,Violated
608,2934,7340,2024-07-30,2026-07-20,Active
609,2947,7370,2025-11-05,2027-10-26,Active
610,2951,7381,2024-04-16,2026-04-06,Expired
611,2952,7384,2025-10-15,2026-10-10,Active
612,2959,7404,2023-03-11,2024-03-05,Expired
613,2959,7405,2023-04-19,2026-04-03,Expired
614,2960,7406,2023-05-14,2023-11-10,Expired
615,2965,7420,2026-06-30,2026-12-27,Active
616,2974,7441,2026-06-30,2029-06-14,Active
617,2976,7447,2025-12-12,2026-12-07,Active
618,2978,7449,2026-04-28,2028-04-17,Active
619,2980,7455,2026-06-30,2029-06-14,Active
620,2986,7472,2024-07-14,2026-07-04,Active
621,2986,7473,2024-07-22,2025-01-18,Renewed
622,2987,7476,2026-06-22,2029-06-06,Active
623,2989,7480,2023-05-28,2024-05-22,Renewed
624,2993,7493,2024-09-01,2025-02-28,Expired
625,2995,7500,2024-07-14,2027-06-29,Active
626,2998,7509,2023-05-21,2023-11-17,Renewed
627,2999,7511,2023-06-05,2025-05-25,Expired
628,3000,7513,2024-08-09,2025-08-04,Expired
629,3006,7532,2023-09-21,2024-09-15,Expired
630,3007,7535,2023-04-18,2025-04-07,Violated
631,3009,7543,2026-06-30,2027-06-25,Active
632,3013,7553,2025-05-26,2025-11-22,Renewed
633,3014,7554,2026-06-30,2029-06-14,Active
634,3018,7560,2025-11-18,2028-11-02,Active
635,3023,7575,2023-11-16,2025-11-05,Expired
636,3024,7578,2024-06-04,2027-05-20,Active
637,3024,7579,2024-04-09,2025-04-04,Expired
638,3028,7588,2023-03-23,2023-09-19,Expired
639,3038,7610,2026-06-30,2029-06-14,Active
640,3039,7614,2025-09-11,2027-09-01,Active
641,3041,7621,2024-06-11,2027-05-27,Active
642,3055,7660,2023-03-18,2026-03-02,Expired
643,3059,7673,2025-07-01,2028-06-15,Active
644,3065,7693,2025-07-28,2026-01-24,Expired
645,3070,7709,2024-05-04,2024-10-31,Renewed
646,3072,7711,2025-04-18,2025-10-15,Expired
647,3074,7718,2026-06-13,2029-05-28,Active
648,3092,7762,2026-06-30,2029-06-14,Active
649,3096,7768,2024-05-22,2026-05-12,Expired
650,3101,7779,2024-09-18,2027-09-03,Active
651,3105,7789,2026-06-30,2028-06-19,Active
652,3105,7792,2026-06-30,2028-06-19,Active
653,3106,7793,2025-09-26,2026-03-25,Expired
654,3110,7804,2024-07-09,2025-07-04,Renewed
655,3111,7807,2024-07-06,2026-06-26,Expired
656,3116,7816,2024-06-24,2024-12-21,Expired
657,3126,7841,2025-11-02,2028-10-17,Active
658,3130,7849,2025-09-03,2026-03-02,Expired
659,3140,7868,2024-08-26,2026-08-16,Active
660,3141,7873,2026-06-30,2026-12-27,Active
661,3149,7896,2026-06-30,2029-06-14,Active
662,3155,7907,2024-04-28,2026-04-18,Renewed
663,3168,7930,2026-05-04,2028-04-23,Active
664,3173,7941,2025-07-19,2026-01-15,Expired
665,3174,7944,2026-04-04,2027-03-30,Active
666,3187,7979,2026-06-30,2027-06-25,Active
667,3189,7984,2025-06-04,2026-05-30,Expired
668,3192,7993,2026-03-27,2028-03-16,Active
669,3196,7999,2026-06-30,2026-12-27,Active
670,3196,8000,2026-06-30,2026-12-27,Active
671,3207,8024,2024-08-12,2025-02-08,Renewed
672,3209,8028,2024-02-19,2027-02-03,Active
673,3220,8045,2023-06-10,2023-12-07,Expired
674,3224,8055,2023-10-06,2024-09-30,Expired
675,3225,8057,2026-06-30,2028-06-19,Active
676,3226,8059,2025-10-17,2026-10-12,Violated
677,3228,8066,2026-06-30,2028-06-19,Active
678,3229,8072,2026-06-21,2026-12-18,Active
679,3233,8080,2023-05-04,2023-10-31,Expired
680,3234,8084,2025-06-05,2028-05-20,Active
681,3237,8094,2026-06-30,2026-12-27,Active
682,3238,8098,2026-06-30,2028-06-19,Active
683,3268,8174,2023-07-15,2025-07-04,Expired
684,3271,8183,2025-08-14,2027-08-04,Active
685,3274,8191,2023-07-12,2026-06-26,Expired
686,3281,8203,2025-06-29,2027-06-19,Active
687,3284,8209,2025-06-04,2027-05-25,Active
688,3286,8213,2025-10-07,2028-09-21,Active
689,3287,8219,2024-05-10,2027-04-25,Active
690,3290,8225,2023-08-29,2025-08-18,Expired
691,3304,8259,2024-04-29,2025-04-24,Renewed
692,3305,8262,2023-08-30,2025-08-19,Expired
693,3306,8264,2026-06-30,2028-06-19,Active
694,3311,8276,2026-06-30,2026-12-27,Active
695,3325,8314,2024-10-21,2026-10-11,Active
696,3347,8365,2023-06-07,2025-05-27,Expired
697,3356,8390,2026-05-20,2026-11-16,Active
698,3364,8413,2024-06-08,2025-06-03,Expired
699,3369,8420,2025-06-07,2028-05-22,Active
700,3378,8442,2026-06-29,2027-06-24,Active
701,3379,8448,2025-12-01,2027-11-21,Violated
702,3388,8469,2025-07-16,2026-01-12,Expired
703,3390,8477,2023-06-27,2025-06-16,Renewed
704,3394,8483,2025-09-02,2026-03-01,Expired
705,3402,8499,2025-08-15,2026-08-10,Active
706,3406,8512,2023-04-19,2024-04-13,Expired
707,3410,8519,2024-07-24,2025-01-20,Expired
708,3411,8523,2025-09-08,2027-08-29,Active
709,3419,8546,2026-06-30,2026-12-27,Active
710,3422,8553,2026-06-30,2029-06-14,Active
711,3422,8554,2026-06-30,2027-06-25,Violated
712,3424,8557,2023-08-28,2024-02-24,Violated
713,3426,8560,2026-03-21,2027-03-16,Active
714,3434,8574,2024-05-08,2026-04-28,Expired
715,3437,8582,2024-06-18,2025-06-13,Expired
716,3454,8619,2024-07-25,2025-01-21,Expired
717,3456,8623,2025-04-17,2027-04-07,Active
718,3463,8638,2026-06-30,2026-12-27,Active
719,3470,8655,2025-06-14,2027-06-04,Active
720,3473,8662,2026-06-30,2029-06-14,Violated
721,3477,8672,2024-06-17,2025-06-12,Violated
722,3478,8674,2026-03-27,2029-03-11,Active
723,3482,8685,2024-09-01,2026-08-22,Active
724,3489,8703,2024-06-24,2024-12-21,Expired
725,3497,8716,2026-06-27,2028-06-16,Violated
726,3505,8736,2026-06-18,2026-12-15,Violated
727,3505,8737,2026-06-30,2026-12-27,Violated
728,3506,8738,2026-04-25,2028-04-14,Active
729,3514,8751,2025-05-09,2027-04-29,Active
730,3515,8752,2025-11-23,2028-11-07,Active
731,3524,8774,2026-03-01,2028-02-19,Violated
732,3524,8775,2026-03-29,2026-09-25,Active
733,3529,8786,2026-04-17,2029-04-01,Active
734,3537,8800,2023-06-27,2025-06-16,Violated
735,3544,8821,2025-04-29,2028-04-13,Violated
736,3547,8830,2026-06-30,2026-12-27,Active
737,3551,8840,2024-07-09,2025-07-04,Expired
738,3553,8846,2025-09-07,2026-03-06,Expired
739,3557,8857,2023-10-28,2026-10-12,Active
740,3559,8860,2023-07-31,2026-07-15,Active
741,3569,8888,2026-06-30,2028-06-19,Active
742,3576,8903,2024-06-03,2025-05-29,Expired
743,3584,8928,2023-05-31,2026-05-15,Expired
744,3584,8931,2023-08-24,2026-08-08,Violated
745,3586,8934,2024-09-12,2027-08-28,Active
746,3596,8958,2023-04-19,2025-04-08,Violated
747,3598,8966,2025-03-20,2026-03-15,Renewed
748,3600,8972,2025-02-11,2027-02-01,Active
749,3602,8979,2023-10-14,2025-10-03,Renewed
750,3608,8993,2026-04-11,2026-10-08,Active
751,3628,9047,2023-05-15,2023-11-11,Renewed
752,3631,9053,2025-11-01,2026-04-30,Expired
753,3634,9063,2024-04-18,2025-04-13,Renewed
754,3634,9064,2024-04-11,2025-04-06,Expired
755,3634,9065,2024-03-26,2024-09-22,Expired
756,3637,9072,2026-06-30,2029-06-14,Active
757,3640,9080,2026-06-30,2027-06-25,Active
758,3649,9104,2025-07-27,2026-01-23,Renewed
759,3649,9105,2025-10-04,2026-09-29,Active
760,3655,9124,2026-06-30,2028-06-19,Active
761,3657,9129,2025-09-13,2026-09-08,Active
762,3660,9135,2023-05-30,2024-05-24,Expired
763,3663,9145,2025-08-02,2028-07-17,Active
764,3671,9169,2024-05-19,2026-05-09,Renewed
765,3676,9180,2026-04-21,2026-10-18,Active
766,3682,9198,2024-09-16,2025-03-15,Violated
767,3695,9236,2023-11-09,2025-10-29,Renewed
768,3696,9238,2026-06-30,2027-06-25,Active
769,3699,9244,2023-03-27,2026-03-11,Expired
770,3713,9282,2023-07-09,2025-06-28,Expired
771,3725,9307,2026-06-30,2028-06-19,Violated
772,3726,9309,2024-05-17,2026-05-07,Expired
773,3726,9311,2024-09-16,2025-09-11,Renewed
774,3729,9318,2023-07-29,2024-01-25,Renewed
775,3734,9328,2026-06-05,2029-05-20,Active
776,3742,9348,2024-02-10,2025-02-04,Renewed
777,3759,9384,2024-05-31,2027-05-16,Active
778,3765,9396,2025-09-11,2027-09-01,Active
779,3803,9492,2024-07-04,2025-06-29,Expired
780,3805,9498,2023-12-17,2026-12-01,Active
781,3806,9501,2026-06-30,2026-12-27,Violated
782,3814,9516,2026-06-30,2027-06-25,Active
783,3835,9573,2025-05-13,2027-05-03,Active
784,3842,9596,2023-11-15,2025-11-04,Expired
785,3847,9607,2026-06-30,2029-06-14,Active
786,3851,9619,2026-06-30,2026-12-27,Active
787,3856,9627,2023-10-21,2025-10-10,Expired
788,3863,9638,2025-08-26,2028-08-10,Active
789,3863,9639,2025-09-17,2027-09-07,Active
790,3864,9640,2024-07-21,2026-07-11,Active
791,3876,9669,2024-06-10,2026-05-31,Renewed
792,3883,9683,2024-08-10,2027-07-26,Active
793,3921,9768,2024-08-29,2027-08-14,Active
794,3923,9772,2025-08-24,2028-08-08,Active
795,3928,9784,2023-09-11,2025-08-31,Expired
796,3931,9794,2024-08-30,2025-02-26,Expired
797,3939,9817,2026-06-30,2028-06-19,Active
798,3953,9844,2026-06-18,2027-06-13,Active
799,3957,9851,2026-06-30,2027-06-25,Active
800,3958,9854,2023-03-26,2024-03-20,Expired
801,3958,9855,2023-04-10,2023-10-07,Expired
802,3970,9886,2026-06-30,2028-06-19,Active
803,3979,9906,2023-05-21,2024-05-15,Expired
804,3980,9908,2026-06-30,2028-06-19,Active
805,3981,9912,2025-04-13,2028-03-28,Active
806,3983,9918,2025-09-24,2026-03-23,Renewed
807,3987,9932,2025-10-01,2028-09-15,Active
808,3989,9937,2023-08-23,2025-08-12,Expired
