CSID,CaseMasterID,csdate,cstype,PolicePersonID
1,2,2025-08-13 14:29:00,C,196
2,3,2026-06-25 09:59:00,A,866
3,4,2024-09-18 15:08:00,C,229
4,5,2026-06-30 17:46:00,A,19
5,6,2025-01-03 14:29:00,A,216
6,7,2024-09-21 16:00:00,A,962
7,8,2024-05-16 17:53:00,A,29
8,9,2026-06-30 11:03:00,A,423
9,10,2025-03-16 13:02:00,A,608
10,11,2024-04-24 14:36:00,A,289
11,12,2024-12-04 12:42:00,A,268
12,13,2023-09-04 12:12:00,C,607
13,14,2025-05-08 12:13:00,C,487
14,16,2026-06-30 16:24:00,A,873
15,19,2023-10-22 11:35:00,A,758
16,20,2026-01-08 13:38:00,A,980
17,21,2023-10-03 11:05:00,A,670
18,23,2026-06-30 12:06:00,B,1071
19,25,2023-09-08 09:11:00,A,12
20,27,2025-12-08 09:50:00,B,907
21,28,2026-06-30 12:47:00,C,1039
22,29,2023-10-15 11:43:00,C,249
23,31,2023-08-02 11:42:00,B,957
24,32,2024-10-12 12:21:00,A,1170
25,33,2024-07-07 10:05:00,C,651
26,34,2023-04-09 11:25:00,A,644
27,35,2025-01-16 16:35:00,C,1200
28,36,2024-07-18 09:53:00,B,117
29,40,2026-06-30 17:20:00,C,1175
30,42,2025-12-05 15:21:00,A,668
31,46,2023-09-30 12:48:00,A,493
32,47,2025-11-05 15:16:00,A,584
33,49,2026-06-30 12:52:00,A,496
34,51,2025-11-06 14:52:00,A,971
35,52,2024-09-08 16:45:00,C,253
36,53,2023-07-25 16:31:00,C,991
37,54,2024-12-22 16:22:00,A,537
38,57,2024-02-06 11:44:00,C,1051
39,58,2023-04-21 16:03:00,B,223
40,59,2024-09-13 13:51:00,A,896
41,61,2026-06-26 12:09:00,C,280
42,62,2023-07-14 09:48:00,A,967
43,63,2023-04-21 09:21:00,C,757
44,65,2025-01-25 12:33:00,A,1111
45,66,2024-08-15 17:04:00,A,112
46,67,2025-10-10 12:20:00,A,19
47,68,2026-06-30 11:55:00,A,962
48,69,2026-06-23 15:24:00,A,1079
49,70,2026-06-10 11:33:00,C,1158
50,71,2023-06-05 16:14:00,C,1185
51,73,2024-06-11 15:35:00,A,245
52,75,2025-04-27 13:36:00,A,326
53,76,2024-12-06 17:30:00,C,907
54,79,2026-06-30 15:57:00,B,351
55,80,2026-04-28 17:03:00,B,743
56,83,2025-02-25 09:40:00,A,513
57,85,2025-02-27 14:56:00,A,1111
58,86,2026-06-30 12:51:00,A,310
59,88,2023-09-01 16:43:00,A,147
60,89,2026-06-30 13:55:00,C,635
61,92,2026-05-12 16:05:00,C,320
62,93,2024-05-12 09:17:00,A,313
63,95,2024-05-14 10:10:00,A,704
64,97,2023-09-23 10:14:00,A,1101
65,98,2026-06-30 11:30:00,A,955
66,100,2026-06-30 15:43:00,A,871
67,101,2026-02-08 11:56:00,A,706
68,102,2026-06-30 17:21:00,A,499
69,104,2025-10-16 14:04:00,A,1170
70,106,2026-06-30 15:33:00,A,696
71,107,2025-07-08 09:34:00,A,550
72,108,2024-08-14 13:44:00,C,440
73,109,2025-11-19 12:48:00,A,452
74,110,2026-06-30 09:14:00,A,382
75,111,2024-05-20 14:15:00,A,473
76,112,2025-09-11 13:47:00,A,476
77,114,2026-04-24 17:21:00,B,32
78,115,2026-06-30 14:03:00,A,262
79,117,2025-01-03 10:56:00,C,907
80,118,2025-08-28 14:57:00,A,452
81,119,2025-08-10 11:49:00,A,694
82,120,2026-05-11 11:47:00,A,219
83,122,2026-04-18 09:33:00,C,1088
84,125,2023-10-23 15:10:00,B,1023
85,127,2023-06-25 10:31:00,A,1095
86,129,2025-12-24 15:16:00,C,640
87,130,2024-09-20 15:13:00,A,76
88,131,2025-11-26 17:21:00,A,584
89,132,2026-06-30 16:18:00,C,692
90,135,2026-06-30 14:29:00,A,117
91,138,2025-06-27 14:31:00,A,320
92,140,2025-03-25 13:19:00,A,782
93,141,2026-06-30 17:10:00,C,745
94,142,2025-01-03 10:56:00,A,278
95,143,2023-11-06 14:12:00,A,510
96,144,2023-10-31 12:37:00,A,236
97,146,2023-05-17 13:58:00,A,423
98,147,2026-06-06 11:14:00,C,253
99,148,2023-05-26 10:24:00,A,1106
100,149,2025-12-05 11:44:00,C,451
101,150,2026-06-30 12:21:00,C,278
102,151,2023-02-01 16:01:00,A,1056
103,153,2024-12-19 10:44:00,A,526
104,154,2025-06-07 10:02:00,B,526
105,155,2024-11-15 12:11:00,C,828
106,156,2023-04-11 12:07:00,C,608
107,157,2026-06-30 12:39:00,C,758
108,158,2026-05-18 16:43:00,A,856
109,159,2025-12-19 13:02:00,A,868
110,161,2025-08-18 17:40:00,C,272
111,163,2023-10-03 17:01:00,A,936
112,166,2025-09-09 17:05:00,A,697
113,167,2024-10-02 16:19:00,A,896
114,168,2025-01-12 17:15:00,B,30
115,170,2023-04-24 17:57:00,A,972
116,171,2025-09-20 11:49:00,A,1126
117,172,2025-03-07 09:52:00,A,1148
118,173,2024-06-16 12:18:00,A,608
119,175,2025-09-14 09:19:00,A,161
120,176,2025-04-08 10:47:00,A,15
121,177,2026-06-30 10:05:00,A,472
122,178,2024-08-21 10:53:00,B,500
123,180,2024-02-22 17:53:00,A,715
124,182,2023-08-16 10:16:00,C,134
125,184,2024-02-23 11:46:00,A,583
126,186,2026-06-28 09:25:00,A,1094
127,187,2025-05-15 16:04:00,B,385
128,188,2025-07-06 14:39:00,A,895
129,192,2026-06-30 15:28:00,B,9
130,193,2025-12-20 17:12:00,C,598
131,194,2023-03-28 13:24:00,C,1152
132,196,2025-12-28 14:31:00,B,849
133,198,2024-12-26 13:58:00,A,962
134,199,2025-09-28 13:19:00,A,545
135,201,2025-10-17 17:58:00,A,704
136,203,2025-09-10 16:08:00,A,998
137,205,2024-04-13 13:10:00,C,197
138,207,2024-10-20 11:37:00,A,835
139,208,2023-07-16 14:35:00,A,42
140,210,2024-12-21 14:43:00,A,688
141,211,2023-04-29 10:42:00,A,526
142,212,2026-06-30 16:25:00,A,205
143,213,2023-11-10 16:59:00,A,399
144,214,2026-04-09 12:27:00,A,848
145,215,2026-06-30 13:31:00,A,218
146,216,2026-06-30 16:20:00,C,973
147,217,2023-04-11 17:18:00,A,1141
148,218,2025-10-03 12:03:00,A,572
149,220,2025-06-20 16:40:00,A,1135
150,222,2025-12-05 15:02:00,C,626
151,224,2025-10-13 17:42:00,A,1167
152,226,2024-07-19 16:03:00,A,871
153,229,2023-12-25 09:08:00,A,536
154,230,2024-05-11 11:19:00,B,440
155,231,2026-06-22 15:34:00,C,526
156,232,2025-09-12 11:44:00,A,45
157,233,2023-07-29 13:25:00,A,385
158,234,2026-05-03 12:09:00,C,973
159,235,2025-06-09 12:44:00,C,960
160,236,2025-05-17 12:49:00,A,1143
161,237,2026-06-30 17:11:00,A,837
162,238,2026-06-11 14:29:00,B,448
163,239,2024-06-23 14:36:00,C,981
164,240,2023-04-05 11:12:00,A,212
165,241,2025-01-27 14:43:00,C,963
166,245,2026-06-30 12:38:00,A,566
167,247,2026-06-30 11:24:00,A,1111
168,248,2026-06-30 13:37:00,A,218
169,249,2026-05-24 12:53:00,A,192
170,250,2025-10-09 09:24:00,A,1009
171,251,2026-06-30 12:03:00,A,1135
172,252,2023-08-24 16:45:00,A,1136
173,254,2026-06-30 12:25:00,A,983
174,258,2026-05-13 11:09:00,A,668
175,260,2024-09-15 14:09:00,A,403
176,261,2023-11-01 17:49:00,B,95
177,262,2023-05-23 14:13:00,A,4
178,264,2026-06-30 14:42:00,A,282
179,265,2023-05-29 16:03:00,A,715
180,266,2026-06-30 14:16:00,A,1140
181,268,2023-12-01 10:23:00,A,487
182,272,2023-11-03 16:34:00,A,602
183,273,2023-11-10 17:57:00,B,749
184,274,2026-06-30 12:40:00,A,1091
185,275,2025-05-10 11:19:00,A,218
186,278,2023-05-22 12:49:00,C,535
187,279,2024-11-08 12:38:00,C,495
188,282,2023-10-12 10:24:00,A,347
189,285,2024-09-02 15:15:00,A,958
190,286,2024-06-13 17:43:00,B,541
191,287,2025-12-01 15:37:00,A,1177
192,288,2026-06-30 10:49:00,A,55
193,289,2026-04-08 12:56:00,C,942
194,290,2024-01-06 10:08:00,C,127
195,294,2023-08-29 12:52:00,A,1166
196,297,2023-03-17 16:48:00,A,839
197,298,2024-05-14 09:10:00,A,558
198,300,2024-11-09 14:31:00,C,1172
199,301,2026-04-17 13:46:00,A,243
200,303,2025-12-19 09:27:00,A,959
201,307,2026-06-30 10:02:00,A,893
202,308,2024-08-26 09:08:00,A,431
203,309,2026-06-30 13:47:00,A,349
204,313,2024-09-16 11:30:00,B,837
205,314,2026-06-30 11:19:00,A,148
206,315,2023-09-22 13:32:00,A,807
207,318,2024-01-22 17:54:00,A,246
208,319,2023-04-29 13:37:00,C,991
209,321,2023-09-30 12:39:00,C,566
210,324,2026-06-30 09:23:00,A,773
211,325,2026-06-30 13:45:00,A,333
212,326,2026-06-30 11:22:00,A,353
213,327,2023-11-18 10:52:00,A,642
214,329,2025-12-05 11:39:00,B,748
215,330,2024-10-14 17:42:00,A,203
216,332,2024-11-19 12:08:00,A,132
217,333,2024-08-03 14:15:00,C,816
218,335,2025-07-02 11:48:00,A,624
219,337,2024-07-21 11:43:00,A,562
220,338,2024-07-24 15:12:00,B,1132
221,339,2026-06-30 12:01:00,A,372
222,342,2026-06-30 09:48:00,A,1051
223,343,2023-09-17 10:31:00,A,115
224,347,2026-06-30 15:37:00,A,192
225,349,2026-06-30 14:10:00,A,1119
226,350,2026-02-19 11:06:00,B,8
227,351,2026-06-30 09:36:00,A,977
228,352,2025-07-19 15:14:00,B,57
229,353,2026-04-02 14:55:00,C,461
230,354,2025-11-09 16:19:00,B,212
231,355,2023-02-19 12:44:00,A,837
232,356,2023-10-02 13:57:00,C,965
233,358,2024-09-23 16:06:00,A,965
234,359,2026-02-17 10:54:00,A,1190
235,361,2023-05-27 16:30:00,B,825
236,363,2023-08-01 15:35:00,A,801
237,364,2025-11-30 12:32:00,A,1129
238,365,2023-12-14 13:37:00,A,866
239,367,2025-06-17 16:40:00,C,1146
240,368,2025-07-06 09:48:00,A,253
241,371,2025-03-18 16:40:00,C,932
242,372,2024-11-29 09:02:00,A,510
243,373,2024-05-08 15:30:00,A,203
244,374,2025-12-04 10:26:00,A,500
245,376,2024-08-21 17:11:00,A,643
246,377,2025-08-14 16:12:00,A,193
247,378,2025-09-06 17:42:00,A,108
248,380,2025-10-31 11:22:00,A,816
249,382,2023-04-28 10:40:00,A,835
250,383,2026-02-19 10:07:00,C,539
251,384,2025-02-27 15:08:00,A,829
252,385,2025-01-29 10:05:00,A,959
253,386,2024-07-21 10:27:00,A,852
254,387,2025-07-03 15:21:00,A,320
255,391,2025-01-02 10:39:00,A,828
256,392,2024-08-09 13:38:00,A,668
257,393,2024-04-15 13:17:00,A,804
258,394,2025-04-17 10:14:00,C,1031
259,396,2023-07-02 09:19:00,B,786
260,398,2023-07-13 17:49:00,A,744
261,399,2024-12-07 11:24:00,A,347
262,400,2025-07-19 15:52:00,A,899
263,401,2025-02-13 11:04:00,C,1095
264,403,2023-10-20 10:58:00,B,6
265,404,2024-12-17 11:10:00,C,1176
266,409,2023-09-21 14:33:00,B,1106
267,410,2025-09-12 10:25:00,C,35
268,412,2026-06-30 15:00:00,A,81
269,414,2026-06-30 14:27:00,A,301
270,416,2024-10-10 09:14:00,A,1184
271,417,2023-08-02 10:52:00,B,113
272,418,2024-09-07 09:31:00,B,383
273,419,2024-06-07 09:05:00,C,1199
274,420,2026-06-30 11:37:00,A,929
275,421,2024-11-29 15:41:00,B,76
276,424,2024-05-16 12:29:00,C,398
277,425,2025-10-12 10:25:00,A,289
278,426,2025-08-27 13:05:00,A,541
279,427,2026-04-13 09:31:00,A,585
280,428,2025-11-16 15:19:00,A,32
281,429,2023-08-26 17:25:00,B,472
282,430,2025-02-21 14:33:00,A,514
283,432,2024-06-27 09:55:00,A,464
284,433,2024-12-05 12:39:00,A,947
285,434,2026-06-30 15:17:00,A,909
286,435,2026-06-28 10:43:00,A,893
287,436,2023-07-25 12:08:00,C,1146
288,437,2023-08-19 16:36:00,C,297
289,439,2025-10-09 09:53:00,A,423
290,440,2025-05-27 12:45:00,C,646
291,441,2025-06-01 14:01:00,C,76
292,442,2025-10-22 17:54:00,A,890
293,443,2025-06-03 12:24:00,C,75
294,444,2023-11-24 14:09:00,A,137
295,446,2024-08-21 14:44:00,A,652
296,447,2025-05-30 17:32:00,A,859
297,448,2024-11-28 13:04:00,A,181
298,450,2025-05-26 14:36:00,A,1156
299,451,2026-06-30 10:21:00,C,437
300,453,2024-05-18 16:01:00,A,272
301,454,2023-07-07 13:06:00,C,815
302,455,2025-04-16 10:17:00,A,1042
303,456,2024-09-19 15:48:00,A,164
304,457,2025-11-27 14:57:00,C,95
305,458,2024-02-10 11:52:00,A,49
306,459,2025-08-21 13:51:00,A,238
307,462,2025-10-21 10:38:00,A,831
308,465,2024-09-19 16:26:00,A,485
309,466,2025-06-17 12:33:00,A,952
310,468,2023-05-15 17:57:00,A,514
311,469,2023-03-31 10:32:00,A,134
312,470,2024-01-05 15:20:00,A,647
313,471,2026-06-30 11:52:00,A,610
314,472,2026-06-30 10:25:00,A,197
315,473,2025-03-26 10:34:00,A,286
316,474,2023-12-05 09:28:00,A,370
317,475,2025-11-03 16:18:00,A,1194
318,476,2023-04-12 17:21:00,A,451
319,477,2024-03-15 16:26:00,A,1172
320,478,2024-12-28 15:46:00,A,1141
321,479,2026-06-30 17:43:00,A,132
322,480,2024-02-03 14:56:00,B,355
323,481,2024-07-13 09:29:00,A,308
324,482,2025-11-12 12:30:00,A,497
325,483,2026-01-22 10:37:00,C,757
326,484,2026-06-30 14:32:00,A,975
327,486,2025-01-02 17:23:00,A,859
328,488,2024-08-24 09:19:00,A,890
329,489,2025-12-08 16:59:00,A,487
330,491,2023-12-09 17:54:00,A,1062
331,494,2026-06-30 17:02:00,A,585
332,495,2025-08-23 09:53:00,A,962
333,496,2026-06-30 16:57:00,A,1110
334,497,2025-06-21 16:15:00,A,510
335,498,2026-06-30 14:50:00,A,626
336,499,2026-06-30 17:22:00,A,814
337,502,2025-07-24 16:46:00,C,293
338,503,2024-09-17 12:45:00,A,1010
339,504,2024-05-28 13:53:00,C,901
340,506,2026-05-26 09:28:00,A,1100
341,507,2025-09-30 17:33:00,A,245
342,508,2026-05-30 13:08:00,A,1076
343,510,2025-09-26 10:57:00,A,333
344,513,2023-06-14 16:25:00,A,958
345,514,2025-10-24 16:45:00,B,194
346,515,2025-12-01 17:05:00,A,814
347,517,2024-08-04 17:14:00,A,310
348,519,2023-06-15 13:04:00,C,127
349,520,2025-08-04 10:42:00,A,626
350,521,2024-01-07 10:59:00,A,458
351,524,2026-06-30 15:44:00,C,936
352,525,2024-08-13 14:42:00,A,867
353,527,2025-12-22 11:33:00,A,583
354,528,2023-07-24 09:27:00,B,1161
355,529,2025-07-03 13:02:00,C,1063
356,531,2023-07-10 10:18:00,A,559
357,532,2025-08-10 11:55:00,A,561
358,534,2025-07-29 10:47:00,A,1133
359,537,2026-06-30 13:00:00,B,964
360,538,2024-06-16 16:52:00,A,877
361,539,2026-06-30 16:31:00,C,668
362,540,2023-05-13 15:59:00,A,419
363,541,2025-11-04 13:02:00,A,706
364,542,2024-12-22 15:10:00,A,81
365,543,2023-04-24 11:14:00,A,1197
366,544,2026-03-15 10:46:00,A,105
367,545,2026-06-30 10:57:00,A,931
368,546,2023-11-30 09:00:00,C,1067
369,548,2025-10-08 14:42:00,A,707
370,550,2024-09-18 17:21:00,A,1035
371,551,2023-06-11 17:42:00,C,856
372,552,2024-06-05 14:37:00,A,28
373,554,2024-10-12 13:02:00,A,501
374,555,2025-08-19 10:26:00,C,164
375,558,2024-12-06 12:32:00,A,496
376,561,2026-06-30 09:25:00,A,697
377,562,2026-06-30 14:49:00,C,493
378,564,2026-06-30 15:51:00,A,1054
379,565,2025-02-16 13:13:00,C,185
380,566,2023-09-19 12:59:00,A,886
381,567,2025-03-05 14:11:00,A,582
382,568,2026-06-30 17:34:00,A,1010
383,569,2026-06-30 12:25:00,C,1177
384,570,2026-06-30 17:32:00,A,835
385,571,2024-11-29 14:50:00,A,816
386,572,2024-02-19 10:07:00,A,415
387,574,2023-05-26 15:01:00,A,310
388,575,2025-12-19 11:34:00,A,608
389,577,2023-10-20 17:11:00,A,249
390,579,2023-07-28 14:44:00,A,647
391,580,2025-07-03 14:04:00,A,1141
392,581,2023-10-02 13:49:00,A,409
393,583,2025-08-19 11:11:00,B,302
394,586,2024-04-27 14:14:00,A,697
395,587,2025-03-19 11:50:00,C,711
396,589,2024-11-15 13:43:00,A,475
397,590,2025-04-05 10:20:00,A,741
398,591,2024-08-11 09:53:00,A,1071
399,592,2026-06-22 10:23:00,A,1106
400,595,2023-09-11 16:55:00,A,526
401,596,2026-06-30 17:12:00,A,737
402,599,2026-03-03 10:25:00,A,243
403,600,2024-11-27 17:45:00,A,108
404,602,2024-12-02 11:39:00,A,192
405,603,2025-09-04 11:22:00,A,270
406,604,2024-08-19 11:16:00,A,828
407,605,2023-05-16 17:07:00,A,988
408,606,2023-07-15 16:55:00,A,654
409,608,2026-06-30 13:37:00,C,76
410,610,2024-09-19 17:31:00,C,324
411,612,2026-06-30 14:36:00,B,616
412,613,2024-01-15 13:36:00,A,1161
413,614,2026-01-20 17:22:00,B,739
414,616,2025-06-09 16:24:00,A,839
415,617,2023-11-10 10:24:00,A,570
416,618,2024-07-17 09:33:00,A,224
417,621,2026-06-30 11:53:00,A,243
418,625,2024-12-17 10:27:00,A,423
419,628,2026-06-30 09:12:00,C,718
420,629,2023-11-19 12:17:00,A,756
421,630,2025-10-25 11:19:00,C,1049
422,633,2023-08-23 09:15:00,C,750
423,635,2024-07-24 14:48:00,C,1166
424,636,2024-07-16 10:19:00,A,745
425,637,2025-04-15 13:45:00,A,688
426,639,2026-06-30 14:22:00,A,849
427,640,2026-05-24 12:39:00,A,936
428,642,2025-08-28 09:43:00,B,953
429,643,2025-07-16 14:25:00,C,521
430,646,2023-08-25 17:10:00,A,135
431,648,2023-12-28 15:36:00,A,654
432,649,2025-06-19 17:39:00,A,535
433,651,2023-07-28 17:50:00,A,566
434,653,2023-03-26 12:03:00,B,436
435,655,2026-01-12 14:25:00,A,282
436,656,2025-03-25 09:54:00,B,1197
437,657,2024-07-15 14:41:00,A,1172
438,658,2023-12-17 14:20:00,C,550
439,659,2023-06-09 10:16:00,C,507
440,660,2026-06-30 09:47:00,B,337
441,661,2024-03-15 14:15:00,A,978
442,663,2026-06-30 12:07:00,A,1002
443,664,2025-06-03 14:08:00,C,937
444,666,2023-09-25 14:47:00,B,338
445,667,2025-11-21 13:55:00,C,559
446,668,2024-09-11 09:35:00,C,338
447,669,2024-06-17 14:09:00,A,15
448,671,2023-10-27 09:53:00,A,402
449,672,2025-11-02 11:20:00,A,1067
450,673,2025-12-11 10:09:00,C,437
451,674,2023-05-10 13:07:00,A,1192
452,676,2024-08-03 09:25:00,A,1062
453,677,2023-09-13 14:01:00,A,423
454,678,2026-06-30 13:14:00,A,40
455,679,2024-03-06 13:05:00,A,965
456,683,2025-11-08 09:44:00,C,602
457,684,2025-09-05 16:33:00,A,838
458,685,2026-02-13 17:59:00,A,308
459,686,2025-07-17 15:42:00,A,423
460,687,2026-06-30 10:26:00,B,102
461,688,2025-05-09 17:03:00,A,958
462,689,2026-03-10 11:29:00,A,450
463,691,2026-01-24 17:03:00,A,935
464,692,2025-08-14 12:58:00,A,640
465,693,2023-11-03 17:03:00,B,219
466,694,2026-06-30 17:20:00,C,935
467,697,2026-05-01 14:24:00,C,561
468,699,2026-06-30 12:59:00,A,411
469,701,2026-06-30 14:08:00,A,554
470,702,2023-08-14 12:52:00,A,33
471,704,2026-02-01 17:44:00,C,314
472,707,2025-11-08 09:13:00,A,965
473,709,2023-02-18 13:46:00,A,290
474,711,2025-11-11 10:13:00,A,773
475,713,2024-07-11 14:19:00,A,353
476,716,2024-07-13 15:10:00,C,93
477,718,2023-06-22 15:39:00,A,681
478,719,2025-07-24 17:23:00,C,1036
479,720,2026-05-01 13:52:00,A,567
480,722,2023-12-21 17:36:00,C,317
481,723,2024-04-06 13:23:00,C,642
482,725,2026-06-30 13:49:00,B,57
483,726,2023-06-27 15:21:00,A,66
484,727,2023-11-10 15:06:00,A,545
485,731,2026-02-20 14:51:00,A,230
486,736,2026-06-30 14:12:00,C,242
487,738,2025-05-14 11:50:00,B,558
488,739,2024-05-15 10:46:00,C,197
489,742,2026-06-30 15:58:00,A,1164
490,743,2026-06-30 13:09:00,A,15
491,747,2024-07-14 13:41:00,A,46
492,749,2023-09-26 13:42:00,B,877
493,751,2024-09-17 12:32:00,B,684
494,753,2024-07-03 16:45:00,A,639
495,754,2023-10-16 12:39:00,A,359
496,755,2026-06-30 11:35:00,A,513
497,756,2024-08-17 13:55:00,A,193
498,762,2024-02-26 10:05:00,A,771
499,767,2024-07-15 14:37:00,C,711
500,768,2023-04-16 14:17:00,A,1119
501,770,2026-06-30 14:11:00,A,497
502,771,2025-05-17 13:41:00,A,403
503,772,2025-01-06 15:35:00,A,940
504,773,2025-06-29 16:18:00,A,302
505,775,2026-06-30 11:12:00,B,17
506,777,2024-07-12 15:20:00,A,161
507,778,2024-08-04 11:00:00,A,886
508,780,2023-07-02 16:17:00,A,173
509,781,2024-05-02 10:03:00,A,833
510,784,2025-03-10 12:03:00,A,452
511,785,2026-06-30 17:05:00,A,1194
512,787,2023-03-18 10:21:00,A,246
513,789,2025-06-02 17:31:00,A,736
514,790,2023-10-18 11:59:00,A,141
515,792,2026-06-30 13:13:00,C,935
516,794,2025-10-25 14:01:00,C,993
517,795,2024-12-10 11:04:00,A,1177
518,796,2026-06-30 14:07:00,A,942
519,799,2025-01-22 10:36:00,A,668
520,800,2024-05-12 16:06:00,A,22
521,802,2024-09-06 13:53:00,A,654
522,807,2025-09-24 14:55:00,C,961
523,809,2023-10-02 11:25:00,A,492
524,810,2025-04-09 11:37:00,A,1106
525,814,2023-07-06 14:52:00,A,849
526,816,2024-09-08 15:53:00,A,177
527,822,2023-05-05 10:13:00,C,1135
528,825,2026-04-15 13:09:00,A,1146
529,826,2025-10-13 10:00:00,C,324
530,827,2023-07-22 12:54:00,C,389
531,828,2023-07-10 11:22:00,A,582
532,829,2023-11-09 16:45:00,A,829
533,831,2024-10-09 11:37:00,C,1167
534,832,2023-05-14 17:19:00,A,820
535,833,2026-06-30 09:57:00,A,828
536,834,2026-06-30 13:57:00,A,848
537,835,2025-02-05 12:07:00,A,473
538,837,2026-05-30 17:06:00,C,105
539,840,2026-04-30 09:47:00,C,820
540,842,2023-11-12 16:28:00,A,206
541,845,2024-01-01 13:22:00,A,63
542,846,2026-06-30 15:04:00,A,1129
543,848,2025-05-17 14:39:00,C,1197
544,849,2025-12-22 09:51:00,A,965
545,850,2024-09-13 17:12:00,A,440
546,851,2026-02-02 16:40:00,A,197
547,852,2025-10-03 15:30:00,A,363
548,855,2024-11-10 09:36:00,A,805
549,856,2026-06-30 09:59:00,A,728
550,857,2023-08-27 10:08:00,A,260
551,858,2023-08-02 16:18:00,B,991
552,862,2024-04-21 17:10:00,C,971
553,863,2023-03-12 09:34:00,C,497
554,864,2024-09-07 11:18:00,A,722
555,866,2024-01-04 15:40:00,A,991
556,867,2023-07-22 11:13:00,B,417
557,868,2026-06-30 09:13:00,C,559
558,869,2024-09-18 15:04:00,A,1169
559,870,2024-10-16 17:43:00,B,652
560,876,2026-05-05 15:53:00,A,697
561,877,2025-07-16 10:25:00,A,66
562,880,2026-06-30 09:54:00,B,310
563,881,2023-05-12 12:51:00,C,820
564,882,2026-05-25 14:10:00,B,442
565,888,2026-06-30 14:08:00,A,588
566,889,2024-01-24 11:45:00,A,1129
567,890,2023-02-23 10:48:00,B,324
568,891,2023-05-30 15:23:00,A,205
569,892,2026-06-30 09:11:00,A,1106
570,894,2026-03-14 16:28:00,A,469
571,897,2026-06-30 10:21:00,C,1192
572,898,2023-12-10 12:35:00,A,890
573,899,2026-04-03 11:45:00,A,248
574,900,2026-06-30 11:50:00,A,1076
575,901,2025-02-11 14:45:00,A,598
576,905,2025-03-12 17:44:00,A,866
577,906,2024-08-29 14:04:00,C,936
578,907,2026-06-30 16:20:00,A,707
579,908,2025-01-20 16:37:00,A,461
580,910,2026-06-30 10:53:00,A,786
581,911,2024-05-20 15:39:00,C,155
582,913,2025-08-02 15:49:00,A,419
583,914,2023-08-13 10:26:00,A,393
584,916,2025-07-19 16:54:00,A,527
585,917,2026-06-30 14:37:00,C,275
586,919,2024-08-20 15:07:00,A,1054
587,922,2025-08-28 10:38:00,A,522
588,924,2023-03-26 11:43:00,A,155
589,925,2026-06-30 12:39:00,A,722
590,927,2025-05-06 09:01:00,A,396
591,929,2026-06-30 09:35:00,A,1106
592,931,2023-11-01 12:30:00,A,141
593,932,2026-01-06 12:35:00,C,640
594,933,2025-10-11 12:23:00,C,337
595,935,2024-12-17 14:43:00,A,167
596,936,2023-04-20 17:54:00,A,837
597,938,2024-09-23 11:23:00,A,893
598,940,2023-05-13 10:57:00,C,50
599,941,2025-03-21 15:32:00,A,452
600,942,2024-08-27 11:40:00,A,878
601,943,2026-06-30 16:13:00,A,158
602,944,2025-10-11 15:53:00,A,707
603,948,2024-02-26 13:49:00,C,536
604,949,2026-06-30 10:44:00,A,895
605,950,2025-06-19 11:56:00,B,1185
606,951,2023-09-30 17:10:00,A,758
607,953,2023-12-30 14:19:00,A,1135
608,955,2026-06-30 17:01:00,A,5
609,956,2024-12-15 10:18:00,B,963
610,957,2025-11-04 17:55:00,A,514
611,958,2024-05-18 11:44:00,C,1132
612,959,2023-11-13 16:23:00,A,488
613,961,2025-12-29 15:05:00,A,4
614,962,2026-03-16 16:32:00,A,929
615,963,2026-03-01 15:18:00,A,126
616,969,2026-02-04 16:46:00,A,262
617,970,2023-08-18 09:41:00,A,513
618,971,2023-04-05 17:25:00,A,833
619,972,2025-01-21 14:15:00,A,4
620,973,2023-06-26 09:27:00,A,964
621,974,2026-06-30 12:04:00,A,398
622,975,2026-06-30 13:24:00,C,286
623,977,2026-05-16 13:31:00,A,694
624,978,2024-03-25 11:50:00,A,957
625,979,2025-01-02 12:18:00,A,465
626,981,2025-10-29 10:32:00,B,1010
627,982,2023-03-09 11:53:00,B,907
628,983,2026-06-30 14:52:00,A,711
629,986,2024-07-12 12:12:00,A,122
630,987,2026-06-30 10:04:00,A,8
631,988,2024-09-05 10:45:00,C,468
632,990,2024-11-10 16:58:00,A,830
633,991,2024-01-02 13:19:00,C,67
634,992,2024-11-08 12:22:00,C,1141
635,995,2025-03-05 17:44:00,A,712
636,997,2023-08-27 12:01:00,B,1200
637,998,2026-06-30 16:49:00,A,487
638,1000,2026-06-30 16:50:00,A,309
639,1001,2024-08-31 17:18:00,A,475
640,1002,2026-06-30 09:28:00,B,833
641,1003,2026-06-30 13:23:00,C,814
642,1004,2024-05-24 11:48:00,A,28
643,1005,2023-08-22 09:10:00,A,148
644,1007,2025-09-05 15:26:00,B,855
645,1008,2026-06-30 17:26:00,A,866
646,1009,2024-05-20 10:37:00,A,835
647,1010,2024-04-29 14:36:00,A,929
648,1011,2023-08-05 14:38:00,B,1151
649,1013,2026-06-16 09:37:00,A,309
650,1016,2026-06-30 09:00:00,C,873
651,1017,2026-06-30 11:00:00,A,353
652,1022,2026-05-30 09:03:00,A,33
653,1023,2026-06-30 11:47:00,A,753
654,1024,2026-06-30 11:09:00,A,297
655,1025,2025-07-22 11:02:00,A,603
656,1027,2024-12-27 17:30:00,A,1091
657,1028,2026-03-30 13:46:00,A,897
658,1029,2023-05-25 16:06:00,A,800
659,1031,2023-05-25 11:00:00,C,739
660,1032,2024-11-26 14:29:00,A,308
661,1033,2023-04-13 10:17:00,A,375
662,1035,2023-06-17 12:05:00,A,678
663,1036,2023-08-23 15:28:00,C,203
664,1037,2023-10-28 17:40:00,A,1133
665,1040,2024-07-29 13:28:00,C,395
666,1041,2023-03-19 10:31:00,A,634
667,1043,2025-04-08 17:41:00,B,937
668,1046,2026-06-30 16:17:00,A,756
669,1048,2024-11-28 16:37:00,A,696
670,1049,2024-07-02 14:43:00,B,164
671,1053,2023-08-03 14:15:00,B,959
672,1055,2023-07-23 12:32:00,A,838
673,1056,2023-08-07 14:16:00,A,219
674,1057,2023-05-06 12:01:00,A,1132
675,1065,2024-07-24 13:11:00,A,70
676,1066,2026-01-31 11:37:00,A,1200
677,1067,2025-06-14 14:25:00,A,143
678,1068,2023-05-11 10:09:00,A,558
679,1069,2026-06-30 10:19:00,A,95
680,1071,2026-06-30 12:28:00,A,22
681,1074,2026-06-30 13:12:00,A,626
682,1078,2026-06-30 10:58:00,B,425
683,1081,2026-01-29 11:16:00,A,93
684,1082,2026-03-16 13:00:00,A,835
685,1084,2025-05-01 12:31:00,A,40
686,1086,2024-06-22 14:04:00,C,953
687,1087,2025-01-12 11:36:00,A,391
688,1088,2023-10-11 09:01:00,B,36
689,1092,2024-12-07 09:46:00,A,81
690,1093,2025-10-11 16:02:00,A,774
691,1094,2026-06-30 15:25:00,A,930
692,1095,2024-06-30 09:48:00,C,607
693,1098,2026-01-08 17:02:00,C,164
694,1100,2023-09-29 16:55:00,A,501
695,1101,2026-06-30 14:09:00,A,143
696,1105,2025-09-13 10:10:00,A,723
697,1106,2026-06-30 14:37:00,A,755
698,1108,2024-10-02 11:42:00,A,1141
699,1109,2025-06-25 14:41:00,A,74
700,1111,2024-11-24 17:48:00,A,339
701,1114,2024-09-12 15:48:00,C,278
702,1115,2026-04-05 10:07:00,C,319
703,1116,2026-06-30 10:10:00,A,405
704,1119,2024-01-11 17:03:00,A,212
705,1121,2023-06-08 11:54:00,A,501
706,1122,2023-12-29 11:08:00,A,15
707,1123,2025-11-12 11:47:00,A,372
708,1125,2026-06-26 11:28:00,A,1045
709,1128,2023-09-06 13:59:00,A,239
710,1130,2023-05-15 11:45:00,A,9
711,1131,2026-06-30 13:13:00,A,755
712,1132,2026-06-30 16:10:00,B,666
713,1133,2024-11-01 10:28:00,C,712
714,1134,2026-06-10 12:59:00,A,1045
715,1135,2024-03-01 13:58:00,A,981
716,1137,2026-06-30 11:23:00,A,465
717,1138,2024-03-10 16:46:00,A,117
718,1139,2023-08-18 11:44:00,A,496
719,1140,2025-08-14 15:31:00,A,750
720,1141,2024-06-19 17:52:00,A,35
721,1145,2023-10-29 10:52:00,A,63
722,1147,2026-06-02 12:01:00,A,1176
723,1148,2024-01-27 11:41:00,A,691
724,1149,2023-11-08 16:59:00,A,112
725,1150,2024-08-01 10:02:00,A,567
726,1152,2025-06-27 17:33:00,A,472
727,1153,2026-06-30 13:11:00,A,457
728,1154,2023-12-31 17:21:00,B,290
729,1155,2026-06-30 14:43:00,C,5
730,1156,2026-06-30 11:00:00,A,829
731,1157,2025-07-04 09:40:00,A,666
732,1158,2026-06-30 13:09:00,A,70
733,1159,2025-08-23 14:58:00,A,115
734,1160,2024-01-25 12:52:00,A,535
735,1163,2023-07-29 10:24:00,C,192
736,1166,2026-05-28 17:58:00,A,978
737,1167,2026-06-30 13:09:00,A,252
738,1168,2024-02-12 11:33:00,A,363
739,1170,2025-08-08 12:00:00,A,1121
740,1172,2026-03-30 14:57:00,C,964
741,1173,2023-06-07 16:10:00,A,370
742,1174,2026-03-13 15:50:00,A,6
743,1175,2024-12-22 17:06:00,A,846
744,1179,2025-10-06 11:15:00,A,864
745,1180,2025-10-06 13:22:00,C,744
746,1181,2026-05-21 13:56:00,A,1162
747,1182,2023-10-04 15:32:00,A,602
748,1184,2024-10-24 15:46:00,A,1166
749,1186,2023-05-10 11:45:00,B,748
750,1188,2026-06-30 14:28:00,A,149
751,1189,2025-12-09 14:51:00,B,996
752,1193,2024-05-07 12:11:00,C,930
753,1194,2025-12-24 13:08:00,A,521
754,1196,2023-09-11 14:29:00,A,694
755,1200,2026-06-30 14:34:00,A,986
756,1201,2025-05-29 10:11:00,A,718
757,1202,2025-06-27 16:40:00,A,828
758,1203,2024-07-03 12:27:00,A,691
759,1205,2025-12-12 09:20:00,A,955
760,1207,2025-09-13 13:46:00,A,333
761,1209,2026-06-30 14:38:00,B,1049
762,1210,2023-11-16 17:18:00,A,428
763,1211,2026-06-30 10:09:00,A,223
764,1212,2023-07-31 14:01:00,A,828
765,1214,2025-08-04 16:22:00,A,1010
766,1215,2024-09-15 09:29:00,B,343
767,1216,2023-10-13 14:53:00,A,461
768,1221,2026-06-30 16:51:00,A,272
769,1222,2025-05-22 16:39:00,A,673
770,1225,2026-06-30 17:44:00,B,466
771,1228,2024-09-27 09:02:00,A,978
772,1229,2024-03-25 13:01:00,A,640
773,1230,2023-10-10 12:59:00,A,518
774,1231,2026-06-28 10:16:00,C,961
775,1233,2025-11-21 14:21:00,A,223
776,1234,2023-05-22 14:04:00,A,932
777,1235,2024-11-01 16:27:00,A,503
778,1236,2024-02-07 14:46:00,C,978
779,1239,2023-10-21 09:25:00,B,566
780,1240,2025-01-04 15:13:00,A,215
781,1241,2024-09-30 09:26:00,C,118
782,1242,2023-03-12 17:32:00,A,1135
783,1245,2024-05-18 16:22:00,B,955
784,1246,2024-05-08 17:30:00,A,401
785,1247,2024-11-29 16:59:00,A,374
786,1249,2026-06-30 15:02:00,A,856
787,1250,2025-09-08 13:00:00,A,872
788,1252,2024-06-14 11:04:00,A,135
789,1253,2026-06-30 16:01:00,C,807
790,1254,2024-01-21 13:30:00,C,308
791,1255,2026-06-30 09:40:00,A,763
792,1256,2026-03-02 09:47:00,B,942
793,1257,2023-05-04 16:11:00,A,673
794,1259,2026-06-30 10:54:00,A,871
795,1261,2023-07-24 09:28:00,A,387
796,1266,2024-06-27 10:56:00,C,403
797,1268,2025-06-27 16:06:00,A,382
798,1270,2024-08-03 12:39:00,B,485
799,1271,2025-09-14 17:38:00,A,15
800,1272,2025-09-08 15:06:00,A,387
801,1277,2023-03-08 10:21:00,A,433
802,1279,2023-03-08 13:44:00,A,159
803,1280,2023-09-25 16:02:00,A,326
804,1282,2024-07-09 14:04:00,C,1100
805,1283,2023-06-24 17:27:00,A,399
806,1285,2023-07-22 17:00:00,A,62
807,1286,2024-12-02 14:02:00,A,835
808,1288,2026-06-30 15:54:00,A,337
809,1291,2026-06-30 13:53:00,A,977
810,1292,2024-09-02 10:41:00,A,259
811,1294,2025-05-28 15:40:00,B,583
812,1295,2026-05-18 10:08:00,A,877
813,1296,2023-07-12 14:37:00,B,963
814,1298,2025-01-21 12:46:00,A,391
815,1299,2026-06-30 14:31:00,A,382
816,1302,2023-07-12 09:29:00,C,94
817,1303,2025-10-30 17:08:00,A,252
818,1305,2023-09-21 17:22:00,A,756
819,1307,2025-07-13 09:22:00,A,942
820,1308,2024-06-22 09:21:00,A,978
821,1310,2025-12-24 10:06:00,B,608
822,1313,2024-04-30 12:27:00,A,134
823,1314,2023-07-17 14:04:00,A,1132
824,1315,2025-02-28 14:33:00,A,163
825,1316,2025-06-05 13:56:00,A,971
826,1318,2024-10-13 16:29:00,C,317
827,1320,2026-06-30 15:21:00,A,70
828,1321,2024-11-29 15:22:00,A,970
829,1323,2026-06-30 11:00:00,A,1159
830,1324,2024-11-15 15:28:00,A,363
831,1326,2025-01-08 17:14:00,A,1113
832,1327,2023-01-28 14:07:00,A,457
833,1330,2025-09-24 15:59:00,A,133
834,1331,2024-07-05 09:32:00,A,650
835,1333,2026-06-30 12:02:00,A,396
836,1337,2023-09-02 09:52:00,A,837
837,1338,2024-06-03 12:01:00,A,962
838,1339,2024-08-23 12:51:00,A,1049
839,1340,2025-09-01 11:45:00,C,1148
840,1341,2026-04-06 13:02:00,A,867
841,1342,2026-06-30 11:21:00,A,452
842,1345,2023-06-28 14:13:00,A,310
843,1346,2026-06-30 16:55:00,A,504
844,1348,2026-06-30 17:35:00,B,734
845,1350,2023-07-04 16:12:00,C,42
846,1354,2024-10-27 09:53:00,A,800
847,1355,2025-09-08 11:41:00,B,63
848,1357,2025-07-09 17:16:00,A,143
849,1360,2025-09-27 17:36:00,A,768
850,1362,2024-10-03 14:28:00,A,607
851,1363,2025-10-20 13:38:00,A,1113
852,1364,2025-11-02 14:30:00,C,1093
853,1365,2024-02-26 10:29:00,A,370
854,1366,2026-06-30 14:41:00,C,800
855,1367,2026-06-30 16:15:00,A,527
856,1370,2025-11-15 09:16:00,C,684
857,1371,2026-06-30 16:06:00,A,518
858,1372,2026-06-30 16:36:00,A,877
859,1374,2024-06-24 12:46:00,A,396
860,1375,2025-07-23 09:32:00,A,967
861,1376,2026-06-30 12:48:00,B,25
862,1377,2026-06-30 15:55:00,A,820
863,1378,2024-11-15 13:05:00,C,973
864,1380,2025-08-16 09:22:00,B,55
865,1381,2025-10-04 09:22:00,A,1166
866,1382,2026-06-30 17:02:00,C,878
867,1383,2024-07-25 16:16:00,A,801
868,1384,2023-08-10 16:25:00,A,833
869,1385,2024-05-08 11:57:00,A,137
870,1386,2023-06-26 09:41:00,A,678
871,1393,2024-01-02 14:52:00,B,511
872,1394,2023-08-11 16:12:00,C,475
873,1395,2023-03-02 13:45:00,A,22
874,1397,2023-12-14 11:20:00,A,958
875,1402,2024-12-16 14:39:00,B,405
876,1404,2025-07-06 13:28:00,A,105
877,1405,2026-06-30 11:43:00,B,552
878,1408,2025-08-20 16:36:00,A,755
879,1409,2026-02-15 15:18:00,B,29
880,1416,2023-07-02 09:00:00,A,337
881,1419,2024-07-08 16:22:00,B,1031
882,1422,2026-06-30 09:40:00,A,469
883,1423,2026-06-30 10:29:00,C,197
884,1424,2025-07-08 11:39:00,A,1119
885,1426,2026-06-30 17:49:00,A,1155
886,1427,2026-06-30 09:08:00,A,7
887,1428,2025-03-07 14:51:00,A,909
888,1429,2024-07-26 13:15:00,A,946
889,1430,2024-11-07 13:40:00,C,603
890,1433,2026-06-30 13:16:00,C,1076
891,1434,2025-07-19 09:50:00,C,45
892,1435,2026-04-22 10:38:00,A,177
893,1438,2026-02-22 10:02:00,A,403
894,1439,2026-06-30 17:57:00,C,964
895,1440,2024-07-18 12:11:00,A,934
896,1441,2026-06-30 11:10:00,A,595
897,1442,2026-02-28 09:44:00,C,965
898,1443,2024-10-17 09:50:00,A,278
899,1444,2026-06-30 10:55:00,B,510
900,1445,2024-10-23 16:40:00,A,260
901,1447,2026-06-30 09:37:00,A,1008
902,1449,2026-06-30 16:13:00,A,723
903,1450,2024-06-02 09:13:00,A,969
904,1453,2026-03-07 15:35:00,B,141
905,1454,2024-06-16 10:07:00,A,582
906,1456,2023-10-06 09:43:00,A,562
907,1457,2023-09-17 14:04:00,A,750
908,1458,2026-06-30 09:32:00,A,789
909,1459,2023-08-08 17:19:00,A,320
910,1460,2025-01-07 13:01:00,A,118
911,1463,2025-05-17 13:57:00,A,172
912,1465,2026-06-30 12:58:00,A,905
913,1466,2025-01-16 16:27:00,C,975
914,1467,2026-06-30 12:15:00,A,1015
915,1468,2026-06-30 13:22:00,C,286
916,1469,2024-11-08 10:35:00,B,669
917,1470,2023-07-25 14:56:00,B,105
918,1471,2024-03-07 17:07:00,C,1062
919,1479,2025-12-19 15:31:00,A,608
920,1480,2026-06-30 10:15:00,A,1175
921,1482,2026-01-15 12:13:00,C,849
922,1483,2023-08-25 16:20:00,A,1049
923,1486,2025-04-13 15:28:00,A,1039
924,1487,2024-11-14 13:05:00,A,167
925,1488,2025-07-10 15:55:00,A,286
926,1489,2024-02-03 17:51:00,C,814
927,1491,2025-01-05 15:05:00,A,486
928,1493,2026-06-30 09:47:00,A,153
929,1495,2024-08-24 13:11:00,A,396
930,1496,2023-09-07 10:29:00,A,681
931,1498,2026-06-30 17:53:00,C,583
932,1499,2026-03-23 11:10:00,C,1161
933,1500,2024-06-11 09:02:00,A,804
934,1501,2026-04-22 11:31:00,A,668
935,1502,2025-09-23 15:20:00,A,562
936,1504,2023-06-19 11:37:00,A,1008
937,1505,2026-06-30 09:42:00,A,1002
938,1506,2026-06-30 16:25:00,A,243
939,1507,2026-06-07 15:29:00,B,93
940,1508,2026-02-03 10:48:00,A,1094
941,1513,2024-09-25 11:39:00,A,15
942,1514,2026-06-30 17:42:00,A,668
943,1515,2026-05-28 13:55:00,A,108
944,1516,2026-06-30 15:12:00,A,1170
945,1517,2025-04-12 10:06:00,C,668
946,1519,2025-08-25 09:41:00,B,193
947,1522,2024-03-07 09:33:00,A,112
948,1524,2024-08-15 16:40:00,A,1146
949,1525,2024-03-01 17:43:00,A,127
950,1527,2023-09-15 14:50:00,A,363
951,1528,2026-06-30 12:45:00,A,1185
952,1530,2024-10-27 13:56:00,A,269
953,1532,2024-09-21 10:12:00,A,936
954,1533,2024-04-02 09:23:00,A,67
955,1534,2024-06-09 12:48:00,A,1166
956,1535,2024-06-25 15:46:00,C,425
957,1537,2024-11-11 09:35:00,A,1008
958,1541,2025-10-03 13:39:00,A,562
959,1543,2026-06-30 15:24:00,A,153
960,1544,2023-08-27 14:21:00,C,48
961,1547,2023-03-13 14:38:00,A,868
962,1548,2024-01-25 11:31:00,C,786
963,1550,2024-05-21 17:48:00,A,800
964,1552,2025-01-27 09:15:00,A,863
965,1555,2024-07-10 11:42:00,C,58
966,1556,2023-05-08 13:01:00,C,1082
967,1559,2023-08-25 17:15:00,C,218
968,1560,2024-06-18 16:03:00,C,531
969,1561,2023-10-29 11:53:00,A,991
970,1562,2025-10-12 13:04:00,B,741
971,1565,2026-06-30 17:31:00,A,816
972,1568,2025-10-13 13:16:00,C,683
973,1569,2026-06-30 12:08:00,A,1094
974,1572,2023-12-21 13:17:00,C,1126
975,1573,2026-06-30 13:53:00,B,683
976,1574,2025-10-19 16:17:00,A,232
977,1575,2024-12-04 17:26:00,B,57
978,1577,2024-12-25 11:41:00,A,465
979,1578,2025-01-02 11:15:00,A,753
980,1579,2025-07-21 12:03:00,C,475
981,1582,2026-06-26 16:31:00,A,349
982,1583,2023-08-09 13:48:00,A,1002
983,1585,2025-08-29 13:12:00,A,739
984,1587,2026-06-30 12:19:00,A,635
985,1590,2026-06-28 15:18:00,C,1059
986,1592,2025-11-03 11:28:00,C,248
987,1593,2024-12-05 16:08:00,A,448
988,1594,2025-07-26 12:27:00,A,961
989,1595,2024-06-10 17:58:00,A,1074
990,1596,2026-06-30 17:07:00,A,1077
991,1597,2026-06-29 17:26:00,A,503
992,1598,2023-09-28 13:02:00,A,1154
993,1599,2024-12-06 12:54:00,B,558
994,1600,2026-06-30 15:52:00,A,917
995,1602,2026-06-30 17:59:00,A,805
996,1603,2025-05-23 09:38:00,B,801
997,1605,2023-04-25 14:51:00,A,41
998,1606,2026-06-30 11:17:00,A,983
999,1608,2026-06-30 13:10:00,B,264
1000,1609,2024-08-28 16:27:00,A,301
1001,1610,2023-07-21 14:01:00,A,126
1002,1613,2023-12-14 14:47:00,C,141
1003,1616,2024-06-26 11:59:00,A,137
1004,1617,2023-07-21 14:40:00,A,529
1005,1618,2023-09-05 17:07:00,C,108
1006,1620,2023-11-14 10:58:00,A,419
1007,1622,2026-05-02 10:37:00,A,1126
1008,1623,2025-08-11 10:41:00,A,932
1009,1626,2026-06-24 12:00:00,A,897
1010,1627,2026-06-30 17:21:00,A,355
1011,1628,2024-08-10 17:27:00,A,626
1012,1629,2024-08-23 12:18:00,C,441
1013,1630,2025-06-24 15:56:00,A,991
1014,1631,2025-12-23 15:59:00,A,958
1015,1632,2023-07-25 13:31:00,A,1114
1016,1635,2026-06-30 09:17:00,C,1110
1017,1636,2025-10-10 11:32:00,B,190
1018,1637,2023-04-18 15:21:00,C,929
1019,1643,2023-10-22 11:13:00,B,246
1020,1645,2025-11-11 11:20:00,C,852
1021,1647,2025-04-04 16:23:00,A,43
1022,1650,2023-03-01 12:21:00,A,963
1023,1651,2023-06-20 09:04:00,C,937
1024,1652,2023-08-17 13:47:00,C,192
1025,1653,2023-09-17 17:18:00,A,652
1026,1654,2026-01-02 16:54:00,A,959
1027,1655,2024-05-11 13:54:00,A,1004
1028,1659,2025-09-23 09:37:00,A,915
1029,1660,2023-11-27 09:36:00,A,431
1030,1661,2025-08-24 13:49:00,C,928
1031,1662,2025-04-13 12:30:00,B,229
1032,1663,2025-04-15 15:56:00,A,239
1033,1664,2026-01-11 12:52:00,C,392
1034,1665,2023-06-29 17:30:00,A,163
1035,1671,2026-06-30 17:38:00,A,181
1036,1672,2026-03-16 16:25:00,A,714
1037,1674,2023-06-08 13:18:00,C,1170
1038,1677,2025-08-15 15:06:00,A,893
1039,1678,2026-06-30 09:47:00,A,1067
1040,1680,2024-07-21 16:36:00,B,115
1041,1681,2023-06-13 13:39:00,A,711
1042,1684,2023-10-26 16:05:00,B,848
1043,1685,2025-11-18 16:11:00,C,403
1044,1686,2023-07-25 12:01:00,C,983
1045,1688,2025-09-21 17:41:00,A,293
1046,1689,2025-12-01 10:47:00,A,833
1047,1690,2023-07-20 15:36:00,A,232
1048,1692,2026-06-30 10:46:00,A,567
1049,1694,2025-07-15 14:34:00,B,1093
1050,1695,2025-07-12 16:36:00,A,90
1051,1697,2025-05-23 12:13:00,A,191
1052,1698,2024-04-21 11:26:00,B,194
1053,1701,2023-07-04 15:08:00,A,275
1054,1702,2025-06-08 10:56:00,A,436
1055,1705,2023-10-05 10:44:00,A,773
1056,1708,2026-05-07 15:28:00,A,135
1057,1709,2026-06-30 15:38:00,A,395
1058,1710,2026-06-30 14:49:00,A,492
1059,1712,2023-05-18 14:34:00,A,625
1060,1713,2024-06-27 14:10:00,C,1008
1061,1715,2025-02-22 12:40:00,C,1051
1062,1716,2023-04-17 15:06:00,A,756
1063,1718,2026-06-30 16:36:00,C,472
1064,1719,2026-06-30 17:15:00,C,650
1065,1720,2023-06-21 14:31:00,A,430
1066,1721,2023-08-05 13:57:00,A,1167
1067,1722,2023-09-18 17:49:00,A,702
1068,1723,2025-07-10 12:12:00,A,153
1069,1725,2023-06-07 09:44:00,A,545
1070,1728,2026-06-30 13:38:00,A,1159
1071,1729,2026-06-30 17:37:00,A,758
1072,1730,2026-04-01 12:16:00,B,1088
1073,1731,2026-06-09 10:02:00,C,417
1074,1733,2024-03-17 15:36:00,A,398
1075,1734,2023-08-22 10:00:00,B,697
1076,1735,2023-07-09 15:37:00,C,1192
1077,1737,2025-11-18 16:31:00,B,1015
1078,1738,2024-10-04 12:24:00,A,859
1079,1740,2025-04-12 14:10:00,C,1132
1080,1742,2024-10-08 14:27:00,A,673
1081,1743,2024-10-31 12:51:00,A,391
1082,1745,2026-04-23 14:23:00,A,29
1083,1747,2024-12-01 15:56:00,A,643
1084,1748,2023-07-27 13:51:00,C,70
1085,1749,2023-09-09 17:32:00,A,1133
1086,1751,2024-09-26 12:20:00,A,147
1087,1752,2023-07-13 14:39:00,A,503
1088,1753,2023-09-15 09:18:00,B,399
1089,1755,2024-10-10 13:25:00,C,650
1090,1757,2025-03-10 13:17:00,A,95
1091,1758,2023-09-15 09:38:00,B,387
1092,1763,2023-12-19 13:50:00,C,697
1093,1764,2024-12-01 10:19:00,A,814
1094,1766,2023-11-18 15:37:00,C,857
1095,1767,2025-06-12 16:36:00,A,205
1096,1768,2025-04-14 09:30:00,A,1110
1097,1769,2026-03-10 15:59:00,A,58
1098,1770,2026-06-30 15:52:00,C,253
1099,1773,2025-06-13 16:50:00,A,264
1100,1774,2024-06-12 16:51:00,C,681
1101,1776,2025-09-11 16:19:00,A,118
1102,1777,2024-10-03 11:46:00,A,127
1103,1779,2023-09-02 17:36:00,A,895
1104,1781,2023-11-19 09:10:00,A,236
1105,1782,2026-06-16 11:47:00,C,947
1106,1783,2024-03-24 11:40:00,A,375
1107,1784,2023-05-02 09:49:00,A,964
1108,1785,2026-03-08 10:31:00,A,805
1109,1787,2025-10-23 09:28:00,B,969
1110,1789,2026-06-30 13:44:00,A,337
1111,1790,2023-06-29 15:23:00,A,588
1112,1791,2023-10-01 17:36:00,A,35
1113,1792,2023-09-19 14:51:00,A,103
1114,1793,2023-05-27 15:19:00,A,673
1115,1794,2023-05-01 10:25:00,A,1154
1116,1795,2025-08-20 09:10:00,A,333
1117,1796,2023-12-07 16:11:00,C,43
1118,1797,2026-06-30 10:04:00,A,715
1119,1798,2026-06-30 09:52:00,A,805
1120,1799,2024-05-02 12:22:00,A,608
1121,1800,2024-08-03 12:55:00,A,986
1122,1801,2024-01-29 12:57:00,A,1015
1123,1803,2026-02-26 10:58:00,A,512
1124,1805,2024-10-06 15:26:00,A,1010
1125,1806,2025-02-04 15:31:00,A,794
1126,1808,2026-06-30 16:37:00,B,634
1127,1811,2026-01-05 13:05:00,A,958
1128,1813,2023-04-11 12:20:00,A,896
1129,1814,2024-02-15 12:51:00,C,1133
1130,1816,2023-05-29 14:18:00,C,504
1131,1817,2024-05-07 10:59:00,A,457
1132,1818,2025-01-23 17:02:00,B,567
1133,1820,2025-06-20 14:23:00,C,457
1134,1821,2025-08-26 15:08:00,B,836
1135,1823,2026-04-29 17:13:00,A,167
1136,1824,2025-11-06 11:31:00,C,909
1137,1826,2024-12-18 12:00:00,A,275
1138,1827,2025-04-19 15:08:00,A,147
1139,1829,2024-10-06 15:43:00,A,488
1140,1830,2025-07-08 13:28:00,A,1156
1141,1833,2026-06-30 11:16:00,A,503
1142,1835,2023-09-24 15:36:00,C,7
1143,1836,2025-12-13 09:47:00,A,32
1144,1838,2026-06-23 16:56:00,A,745
1145,1839,2026-06-30 17:55:00,A,1148
1146,1840,2023-09-29 12:35:00,B,246
1147,1842,2024-09-16 09:41:00,A,871
1148,1843,2026-02-28 09:55:00,A,1039
1149,1844,2026-06-30 17:59:00,A,721
1150,1846,2024-04-17 15:31:00,B,768
1151,1847,2025-06-25 14:33:00,A,66
1152,1849,2026-06-30 13:53:00,A,856
1153,1850,2024-08-07 09:32:00,A,488
1154,1851,2026-06-30 16:45:00,C,1142
1155,1852,2025-09-01 10:09:00,B,216
1156,1853,2023-03-03 12:21:00,A,970
1157,1856,2023-08-30 17:15:00,A,893
1158,1857,2025-12-17 10:12:00,A,867
1159,1858,2023-08-01 16:52:00,A,137
1160,1859,2025-06-09 12:45:00,C,588
1161,1861,2024-08-01 16:20:00,A,402
1162,1862,2024-07-09 14:31:00,C,272
1163,1864,2026-06-30 09:03:00,C,541
1164,1865,2026-01-08 15:51:00,A,908
1165,1867,2026-06-30 14:04:00,C,583
1166,1869,2025-09-19 09:30:00,B,1111
1167,1870,2024-07-22 10:18:00,A,466
1168,1871,2026-06-20 11:19:00,C,644
1169,1872,2026-06-30 09:56:00,A,430
1170,1873,2024-03-12 15:50:00,A,1109
1171,1874,2023-09-23 09:39:00,A,1168
1172,1875,2023-09-12 13:23:00,A,487
1173,1876,2023-09-06 13:34:00,A,181
1174,1877,2026-06-30 15:22:00,A,692
1175,1878,2023-06-13 14:11:00,C,1162
1176,1879,2023-09-29 12:09:00,A,931
1177,1881,2024-03-03 14:12:00,B,873
1178,1882,2024-02-06 17:04:00,A,728
1179,1883,2023-07-17 11:07:00,A,650
1180,1884,2026-06-30 09:16:00,B,583
1181,1886,2024-07-02 09:35:00,C,464
1182,1887,2024-08-21 16:33:00,A,847
1183,1888,2024-09-08 10:55:00,A,348
1184,1890,2026-06-12 17:39:00,A,512
1185,1891,2023-08-13 12:28:00,B,648
1186,1892,2026-06-25 11:54:00,A,1093
1187,1895,2023-08-20 14:42:00,A,115
1188,1897,2024-08-16 14:19:00,A,25
1189,1898,2026-06-30 13:34:00,A,610
1190,1900,2025-10-11 11:17:00,A,744
1191,1902,2023-10-24 10:09:00,C,518
1192,1903,2023-03-02 15:54:00,C,595
1193,1904,2025-09-19 16:15:00,A,1045
1194,1909,2026-04-02 12:34:00,A,197
1195,1910,2025-08-08 12:05:00,C,541
1196,1912,2026-06-28 14:08:00,A,650
1197,1914,2023-07-12 09:09:00,B,640
1198,1915,2024-12-04 14:16:00,C,678
1199,1918,2025-08-16 11:19:00,A,687
1200,1920,2024-12-13 09:29:00,B,149
1201,1921,2026-03-08 15:24:00,C,501
1202,1922,2023-09-02 11:15:00,A,551
1203,1923,2024-06-09 11:34:00,A,29
1204,1924,2025-05-15 12:46:00,A,324
1205,1925,2024-05-12 14:33:00,C,973
1206,1926,2023-07-11 13:59:00,A,566
1207,1927,2024-10-03 11:46:00,A,820
1208,1929,2023-07-21 14:10:00,A,688
1209,1930,2025-12-12 17:17:00,A,1170
1210,1931,2024-09-25 16:29:00,A,75
1211,1933,2026-06-30 14:52:00,C,218
1212,1934,2026-05-07 11:25:00,A,928
1213,1935,2023-03-26 11:43:00,C,608
1214,1938,2024-08-31 12:23:00,A,932
1215,1939,2023-11-05 16:06:00,C,545
1216,1941,2026-06-30 16:16:00,A,293
1217,1942,2024-09-04 14:42:00,A,582
1218,1944,2025-08-16 16:49:00,A,504
1219,1945,2025-07-12 11:38:00,A,873
1220,1950,2025-09-01 09:30:00,A,422
1221,1954,2025-07-09 09:34:00,A,374
1222,1955,2025-01-19 10:35:00,C,616
1223,1956,2023-12-20 10:26:00,A,535
1224,1958,2023-12-17 13:43:00,C,425
1225,1959,2026-06-30 12:28:00,A,93
1226,1961,2025-06-16 15:42:00,C,179
1227,1965,2023-09-27 14:54:00,A,1101
1228,1966,2025-11-20 14:41:00,A,301
1229,1968,2023-08-09 16:13:00,A,1176
1230,1972,2024-03-28 09:42:00,A,1063
1231,1974,2026-06-30 15:29:00,B,333
1232,1977,2023-09-29 13:26:00,A,998
1233,1979,2023-10-10 16:03:00,A,848
1234,1981,2023-09-13 15:20:00,A,1079
1235,1982,2024-11-23 11:35:00,A,697
1236,1983,2024-05-02 12:12:00,A,1035
1237,1986,2024-07-27 16:06:00,B,901
1238,1987,2025-10-08 15:07:00,B,639
1239,1988,2025-10-01 14:02:00,C,253
1240,1989,2026-06-30 17:01:00,C,437
1241,1990,2026-06-30 16:55:00,B,32
1242,1991,2026-06-30 14:21:00,A,697
1243,1992,2023-10-15 14:01:00,A,991
1244,1997,2024-09-01 10:40:00,A,1113
1245,1999,2023-10-28 16:50:00,A,960
1246,2000,2025-11-11 14:46:00,A,353
1247,2003,2026-06-30 10:17:00,A,696
1248,2004,2024-06-08 10:10:00,C,1155
1249,2005,2026-06-30 09:55:00,A,582
1250,2006,2024-11-14 15:37:00,A,113
1251,2007,2023-08-29 14:58:00,A,102
1252,2009,2026-06-30 15:31:00,A,901
1253,2011,2025-09-16 12:34:00,A,711
1254,2013,2023-08-30 15:53:00,B,372
1255,2016,2023-08-12 09:12:00,A,58
1256,2019,2024-04-28 17:23:00,A,1008
1257,2020,2024-08-12 09:40:00,A,41
1258,2021,2024-07-13 15:25:00,A,1093
1259,2022,2025-10-16 16:55:00,B,476
1260,2028,2026-06-30 12:52:00,A,494
1261,2029,2024-09-26 12:38:00,C,1095
1262,2030,2024-08-09 17:23:00,A,718
1263,2031,2026-06-30 16:24:00,A,566
1264,2032,2024-08-10 10:09:00,A,965
1265,2035,2025-07-25 14:45:00,A,983
1266,2036,2026-03-02 10:40:00,A,522
1267,2037,2026-06-30 14:13:00,A,714
1268,2038,2026-06-30 14:04:00,A,771
1269,2039,2026-06-30 13:49:00,A,991
1270,2040,2025-07-19 10:33:00,C,103
1271,2041,2026-06-30 16:36:00,B,1177
1272,2044,2023-09-16 10:18:00,A,608
1273,2047,2024-12-08 17:45:00,A,108
1274,2048,2023-05-26 12:24:00,A,6
1275,2050,2026-06-29 11:13:00,A,1009
1276,2052,2024-07-01 09:34:00,C,823
1277,2053,2025-11-12 17:42:00,A,465
1278,2054,2024-10-25 15:52:00,A,711
1279,2055,2026-06-30 17:01:00,A,1079
1280,2058,2023-11-13 11:01:00,A,820
1281,2059,2025-05-03 14:15:00,A,1074
1282,2061,2025-08-21 10:36:00,A,452
1283,2062,2023-12-13 13:39:00,A,947
1284,2068,2025-05-25 11:54:00,C,1156
1285,2069,2026-05-09 15:31:00,A,476
1286,2070,2024-03-26 10:49:00,A,197
1287,2071,2024-10-22 14:17:00,A,223
1288,2072,2024-09-23 13:46:00,A,431
1289,2074,2023-08-01 15:19:00,A,514
1290,2075,2025-07-19 15:09:00,A,161
1291,2076,2024-09-06 15:12:00,A,928
1292,2077,2024-12-09 09:07:00,A,22
1293,2082,2023-02-23 17:17:00,B,626
1294,2083,2026-06-30 12:55:00,A,816
1295,2084,2025-10-08 09:10:00,A,550
1296,2086,2024-11-17 16:07:00,A,550
1297,2087,2026-06-30 17:35:00,A,971
1298,2088,2023-04-18 16:53:00,A,774
1299,2091,2024-02-25 16:06:00,A,899
1300,2092,2024-08-05 14:17:00,A,949
1301,2093,2026-06-30 17:20:00,A,137
1302,2095,2025-06-10 14:33:00,A,993
1303,2099,2024-05-04 17:07:00,B,314
1304,2100,2025-09-05 16:57:00,A,753
1305,2102,2025-10-12 11:27:00,A,949
1306,2106,2026-06-30 17:22:00,A,458
1307,2107,2026-06-30 15:02:00,A,1031
1308,2108,2025-07-16 17:12:00,A,192
1309,2109,2024-02-11 16:42:00,A,595
1310,2110,2024-09-24 12:03:00,A,215
1311,2111,2023-12-09 09:02:00,A,603
1312,2113,2026-06-30 15:43:00,A,733
1313,2114,2026-02-17 12:30:00,A,529
1314,2115,2025-11-21 14:18:00,A,503
1315,2119,2026-05-21 10:15:00,A,457
1316,2121,2023-05-06 10:46:00,A,465
1317,2122,2026-06-30 16:08:00,B,836
1318,2123,2024-04-10 12:48:00,B,986
1319,2124,2024-06-29 10:33:00,A,953
1320,2126,2024-06-29 10:18:00,A,149
1321,2127,2025-05-30 11:26:00,A,282
1322,2128,2025-08-07 12:41:00,A,980
1323,2129,2026-05-25 13:49:00,A,696
1324,2132,2024-07-19 13:36:00,A,115
1325,2135,2026-06-30 12:53:00,A,392
1326,2136,2026-06-30 09:48:00,A,960
1327,2137,2023-09-04 10:49:00,B,673
1328,2139,2024-03-17 14:32:00,A,1121
1329,2143,2025-04-19 13:18:00,A,167
1330,2145,2023-05-22 11:08:00,C,1132
1331,2146,2026-06-30 13:40:00,A,1133
1332,2147,2026-06-30 13:32:00,C,830
1333,2150,2025-03-31 10:26:00,C,422
1334,2151,2025-08-04 17:29:00,A,846
1335,2152,2024-07-29 13:10:00,A,55
1336,2154,2023-09-04 12:43:00,A,711
1337,2155,2025-08-17 16:27:00,A,1067
1338,2156,2026-06-30 12:48:00,A,382
1339,2157,2023-05-01 13:47:00,A,873
1340,2159,2024-03-02 12:52:00,A,1155
1341,2161,2025-06-08 09:27:00,A,838
1342,2164,2023-03-10 12:15:00,A,1059
1343,2167,2025-11-24 12:52:00,B,535
1344,2170,2026-06-30 09:58:00,A,11
1345,2171,2024-05-06 16:16:00,A,739
1346,2173,2023-07-07 17:51:00,A,164
1347,2174,2025-07-02 11:02:00,A,196
1348,2175,2023-10-24 10:21:00,C,712
1349,2176,2024-06-07 10:38:00,A,536
1350,2178,2024-07-16 11:11:00,A,1059
1351,2179,2025-12-12 14:06:00,A,488
1352,2181,2025-05-06 13:09:00,A,155
1353,2182,2025-03-13 12:00:00,A,734
1354,2183,2024-10-14 17:35:00,A,504
1355,2186,2026-06-30 09:51:00,A,229
1356,2189,2024-09-23 12:12:00,B,907
1357,2190,2023-07-27 13:02:00,A,1197
1358,2192,2024-01-02 17:21:00,C,290
1359,2193,2024-10-11 15:23:00,B,1181
1360,2196,2023-03-18 10:28:00,A,725
1361,2197,2026-01-22 14:49:00,A,93
1362,2198,2023-02-26 09:56:00,A,41
1363,2199,2025-12-21 09:31:00,B,934
1364,2200,2026-02-18 16:59:00,A,293
1365,2201,2026-03-26 16:01:00,A,639
1366,2202,2023-07-14 13:26:00,C,917
1367,2203,2024-05-07 15:30:00,A,981
1368,2204,2025-07-02 15:24:00,A,46
1369,2205,2024-07-06 11:37:00,A,890
1370,2206,2025-04-24 12:23:00,A,67
1371,2207,2023-08-11 16:03:00,A,1169
1372,2208,2024-11-20 17:09:00,A,191
1373,2209,2025-08-21 09:21:00,A,347
1374,2211,2025-11-12 10:18:00,A,143
1375,2213,2026-01-29 16:46:00,A,494
1376,2214,2025-10-19 14:16:00,A,391
1377,2215,2026-04-09 13:31:00,A,624
1378,2217,2025-09-22 12:10:00,C,1199
1379,2218,2024-11-21 17:29:00,A,839
1380,2221,2025-07-10 15:28:00,A,1156
1381,2223,2025-07-18 10:33:00,A,905
1382,2225,2024-11-15 10:13:00,B,324
1383,2226,2023-08-28 17:13:00,A,654
1384,2229,2025-08-13 09:04:00,C,422
1385,2230,2024-05-29 10:21:00,A,148
1386,2231,2026-06-30 13:17:00,A,1110
1387,2234,2025-05-10 16:33:00,A,988
1388,2237,2023-09-22 14:50:00,A,81
1389,2238,2025-01-14 10:35:00,A,223
1390,2239,2026-06-30 13:16:00,A,570
1391,2240,2025-07-12 09:27:00,A,492
1392,2241,2024-05-15 12:35:00,A,901
1393,2242,2025-07-05 15:52:00,A,964
1394,2243,2026-06-30 10:31:00,A,1154
1395,2245,2023-07-23 12:14:00,A,647
1396,2248,2024-12-25 09:39:00,A,497
1397,2249,2026-03-31 17:23:00,A,243
1398,2252,2024-05-31 13:25:00,A,127
1399,2253,2025-01-23 17:09:00,A,1151
1400,2255,2025-02-06 13:02:00,A,584
1401,2257,2026-06-30 12:31:00,A,721
1402,2258,2023-10-08 12:39:00,C,49
1403,2259,2024-07-26 14:33:00,A,863
1404,2261,2024-01-23 11:34:00,A,466
1405,2262,2023-09-24 17:21:00,A,905
1406,2265,2025-07-27 12:33:00,C,442
1407,2266,2026-06-25 16:21:00,C,314
1408,2267,2023-09-26 11:07:00,A,774
1409,2268,2023-10-29 12:58:00,A,161
1410,2269,2025-06-24 09:16:00,A,839
1411,2271,2024-10-12 09:36:00,A,678
1412,2273,2024-09-06 09:58:00,A,650
1413,2274,2026-06-30 17:23:00,A,967
1414,2275,2025-11-09 15:40:00,C,648
1415,2276,2026-06-30 13:28:00,A,1164
1416,2277,2024-07-10 09:34:00,A,33
1417,2279,2023-09-02 16:01:00,C,766
1418,2280,2023-05-20 11:46:00,B,4
1419,2281,2024-05-29 10:46:00,A,403
1420,2284,2024-04-17 17:14:00,B,936
1421,2286,2024-12-13 11:48:00,A,820
1422,2287,2025-08-17 17:40:00,A,105
1423,2288,2024-08-31 13:04:00,A,1009
1424,2289,2026-04-14 13:07:00,A,571
1425,2290,2024-07-01 10:37:00,A,12
1426,2291,2024-09-01 14:09:00,A,768
1427,2292,2026-06-30 16:31:00,A,1159
1428,2295,2025-11-26 15:11:00,A,391
1429,2296,2024-09-06 13:42:00,A,1045
1430,2297,2025-06-12 09:48:00,A,48
1431,2299,2024-09-04 17:12:00,A,148
1432,2300,2024-10-18 12:02:00,A,475
1433,2301,2024-05-29 11:54:00,A,688
1434,2303,2025-01-06 11:56:00,A,385
1435,2304,2024-07-21 11:11:00,A,816
1436,2306,2024-12-07 14:31:00,A,417
1437,2309,2026-05-16 14:21:00,A,572
1438,2310,2025-03-08 12:39:00,A,391
1439,2311,2025-09-08 14:32:00,A,465
1440,2313,2025-08-06 11:20:00,A,422
1441,2315,2025-10-02 15:19:00,B,1150
1442,2316,2025-05-23 12:13:00,A,521
1443,2318,2025-07-31 11:17:00,A,1185
1444,2319,2026-06-30 16:09:00,A,351
1445,2323,2023-11-15 13:59:00,B,1082
1446,2328,2024-04-09 14:04:00,A,50
1447,2329,2024-10-15 12:34:00,A,1031
1448,2330,2025-02-08 12:54:00,A,382
1449,2331,2025-11-10 17:25:00,A,94
1450,2332,2025-02-18 10:34:00,A,678
1451,2333,2026-06-30 16:48:00,B,1158
1452,2334,2023-11-20 15:52:00,A,878
1453,2335,2025-07-15 13:17:00,A,615
1454,2337,2023-08-10 09:29:00,A,259
1455,2338,2026-06-30 17:28:00,A,269
1456,2339,2025-09-19 12:01:00,A,771
1457,2341,2024-12-02 12:49:00,A,272
1458,2342,2025-06-28 15:38:00,A,348
1459,2344,2026-03-21 14:28:00,A,512
1460,2345,2023-06-12 16:19:00,A,246
1461,2346,2023-10-04 09:20:00,B,1082
1462,2347,2026-05-13 11:02:00,A,896
1463,2351,2024-11-08 12:56:00,C,537
1464,2352,2024-10-29 14:35:00,A,286
1465,2353,2026-02-23 16:08:00,B,647
1466,2354,2023-09-19 17:18:00,A,973
1467,2355,2025-08-29 17:59:00,A,866
1468,2356,2023-03-31 16:09:00,A,167
1469,2359,2026-04-25 13:38:00,A,820
1470,2361,2024-09-07 11:11:00,A,896
1471,2362,2024-11-04 16:36:00,A,688
1472,2363,2026-05-28 10:02:00,A,57
1473,2364,2025-08-21 10:14:00,A,859
1474,2366,2026-06-30 16:33:00,A,440
1475,2368,2026-06-30 10:02:00,C,1126
1476,2369,2026-06-30 17:18:00,A,436
1477,2370,2025-11-04 11:26:00,A,436
1478,2371,2023-11-20 16:34:00,A,554
1479,2374,2024-05-28 16:19:00,A,310
1480,2375,2023-06-23 15:22:00,A,917
1481,2377,2026-06-30 14:54:00,B,40
1482,2379,2026-06-30 12:17:00,C,835
1483,2381,2025-05-20 12:47:00,A,1042
1484,2382,2023-11-01 11:05:00,B,1129
1485,2383,2026-06-30 13:06:00,A,1170
1486,2384,2026-06-30 14:19:00,B,583
1487,2385,2026-06-30 16:15:00,A,431
1488,2386,2023-12-14 11:02:00,A,736
1489,2388,2023-05-08 17:41:00,A,1003
1490,2391,2024-08-12 10:25:00,A,135
1491,2393,2024-07-23 17:26:00,A,141
1492,2394,2023-12-22 14:15:00,B,81
1493,2395,2024-06-08 13:20:00,A,86
1494,2397,2024-10-16 16:37:00,A,309
1495,2399,2026-01-29 15:30:00,A,755
1496,2400,2026-06-30 14:26:00,A,748
1497,2401,2025-10-01 12:14:00,A,668
1498,2402,2024-03-04 13:07:00,A,691
1499,2403,2026-02-22 09:01:00,A,975
1500,2404,2024-08-15 10:34:00,A,1071
1501,2406,2024-06-03 11:31:00,A,458
1502,2407,2024-07-02 09:32:00,A,678
1503,2409,2025-04-04 11:18:00,A,1002
1504,2410,2025-07-14 17:34:00,A,564
1505,2411,2023-12-10 14:41:00,A,825
1506,2412,2024-05-19 10:01:00,A,25
1507,2414,2024-07-27 11:40:00,A,757
1508,2415,2023-06-05 13:41:00,A,983
1509,2416,2023-08-08 13:03:00,A,857
1510,2417,2024-05-22 15:57:00,B,193
1511,2418,2026-06-30 14:00:00,A,393
1512,2419,2025-12-21 14:35:00,A,55
1513,2420,2025-08-25 16:57:00,A,794
1514,2423,2024-06-25 11:37:00,A,185
1515,2424,2023-04-26 10:29:00,C,355
1516,2425,2023-08-04 16:32:00,A,527
1517,2426,2024-04-28 14:37:00,A,512
1518,2428,2024-10-30 16:20:00,B,490
1519,2431,2025-10-27 17:49:00,C,527
1520,2434,2025-06-18 10:06:00,A,681
1521,2435,2026-06-30 10:39:00,A,496
1522,2436,2023-05-11 09:12:00,A,561
1523,2437,2025-04-27 11:08:00,A,5
1524,2439,2025-03-04 13:14:00,A,991
1525,2440,2023-11-23 10:42:00,A,1142
1526,2443,2023-06-22 16:45:00,A,243
1527,2444,2026-06-30 12:52:00,A,256
1528,2445,2023-11-10 17:30:00,A,363
1529,2446,2024-08-14 14:38:00,C,1119
1530,2447,2025-05-10 09:10:00,A,270
1531,2449,2025-10-21 11:37:00,A,232
1532,2450,2023-04-17 16:02:00,A,190
1533,2451,2024-08-25 16:48:00,A,616
1534,2452,2025-06-17 16:57:00,A,744
1535,2453,2026-03-30 17:54:00,B,159
1536,2455,2024-06-12 17:19:00,C,940
1537,2456,2023-07-29 13:37:00,A,8
1538,2457,2024-11-25 14:09:00,A,490
1539,2460,2025-09-04 12:19:00,A,353
1540,2462,2026-06-30 15:39:00,B,694
1541,2463,2025-01-09 14:30:00,A,487
1542,2465,2024-11-17 15:29:00,A,102
1543,2466,2024-10-26 15:25:00,A,155
1544,2467,2023-04-15 16:11:00,A,252
1545,2469,2023-03-03 10:53:00,A,338
1546,2472,2024-08-02 16:40:00,A,998
1547,2474,2026-06-30 17:57:00,C,666
1548,2476,2025-10-21 17:57:00,A,753
1549,2477,2024-07-15 11:31:00,A,392
1550,2478,2025-07-15 16:07:00,A,598
1551,2479,2025-09-08 09:52:00,A,535
1552,2480,2026-05-15 11:16:00,B,9
1553,2481,2023-05-04 14:32:00,A,193
1554,2485,2026-06-02 10:41:00,B,172
1555,2487,2024-09-04 13:03:00,A,783
1556,2488,2025-09-23 10:27:00,B,419
1557,2489,2023-09-18 13:26:00,A,239
1558,2490,2026-06-30 13:18:00,A,510
1559,2492,2025-07-25 10:28:00,A,433
1560,2493,2026-02-14 15:20:00,C,473
1561,2494,2026-05-25 12:05:00,A,442
1562,2495,2026-06-30 12:47:00,A,728
1563,2497,2023-09-09 12:47:00,A,694
1564,2499,2026-06-30 13:18:00,A,642
1565,2500,2026-06-30 12:42:00,B,756
1566,2501,2024-10-09 16:00:00,A,773
1567,2502,2026-06-30 13:54:00,A,1141
1568,2505,2024-10-09 12:05:00,C,230
1569,2506,2026-06-30 14:26:00,A,58
1570,2509,2023-03-09 15:12:00,C,934
1571,2511,2026-05-05 13:32:00,C,697
1572,2512,2025-05-18 13:47:00,A,768
1573,2513,2026-05-23 09:10:00,A,482
1574,2514,2024-05-12 12:31:00,C,967
1575,2520,2024-09-04 09:07:00,A,704
1576,2521,2024-06-12 17:05:00,A,829
1577,2522,2024-12-03 12:39:00,A,934
1578,2524,2023-11-11 11:02:00,B,102
1579,2527,2023-11-14 09:38:00,A,1079
1580,2530,2026-03-05 11:12:00,A,272
1581,2532,2025-09-30 12:54:00,A,430
1582,2533,2024-06-11 13:58:00,A,635
1583,2535,2025-11-25 09:47:00,A,635
1584,2536,2025-01-05 10:48:00,A,317
1585,2537,2025-03-06 12:43:00,A,1114
1586,2538,2026-06-30 17:56:00,A,836
1587,2539,2026-06-30 15:30:00,C,1153
1588,2541,2025-03-26 10:08:00,A,94
1589,2542,2024-10-19 16:38:00,A,552
1590,2543,2025-07-23 10:15:00,A,1172
1591,2544,2026-06-09 10:03:00,A,324
1592,2545,2026-01-09 13:50:00,A,952
1593,2546,2025-02-20 13:44:00,A,1008
1594,2549,2026-06-30 09:14:00,A,707
1595,2551,2024-07-29 14:45:00,A,409
1596,2552,2026-06-30 16:50:00,A,172
1597,2554,2024-09-24 15:38:00,A,961
1598,2556,2025-10-23 15:09:00,A,585
1599,2558,2023-11-10 13:38:00,A,800
1600,2560,2025-01-03 14:29:00,C,493
1601,2561,2023-08-07 14:53:00,A,687
1602,2562,2024-10-25 12:24:00,C,482
1603,2563,2023-09-10 17:36:00,A,963
1604,2564,2023-12-04 15:20:00,C,794
1605,2566,2023-11-03 14:01:00,A,584
1606,2568,2026-06-30 11:11:00,A,94
1607,2570,2024-11-07 10:03:00,A,434
1608,2573,2026-04-09 11:25:00,A,1063
1609,2577,2023-05-05 17:10:00,A,30
1610,2579,2026-06-30 12:55:00,B,1148
1611,2580,2026-06-30 12:22:00,A,748
1612,2581,2023-12-28 14:07:00,C,115
1613,2582,2024-06-03 14:52:00,A,320
1614,2583,2024-11-20 15:47:00,A,753
1615,2586,2026-05-28 15:48:00,A,422
1616,2587,2024-06-06 12:26:00,B,714
1617,2589,2025-09-22 12:36:00,C,739
1618,2590,2025-10-27 14:30:00,A,426
1619,2592,2023-06-25 09:18:00,A,309
1620,2596,2025-09-05 12:35:00,A,1200
1621,2598,2026-06-30 14:46:00,A,1155
1622,2599,2024-10-26 09:23:00,B,313
1623,2600,2024-10-24 12:19:00,A,881
1624,2602,2024-10-03 11:10:00,A,94
1625,2603,2026-06-30 11:53:00,A,551
1626,2604,2026-06-30 11:59:00,B,1135
1627,2605,2025-08-17 13:10:00,B,518
1628,2606,2024-11-28 17:02:00,A,482
1629,2608,2023-10-27 15:05:00,B,339
1630,2609,2023-05-18 13:47:00,A,953
1631,2610,2023-10-23 10:02:00,A,1100
1632,2611,2024-07-10 09:36:00,A,248
1633,2613,2026-04-11 13:11:00,A,55
1634,2614,2026-05-25 12:02:00,A,179
1635,2618,2026-06-30 10:50:00,A,893
1636,2622,2025-10-26 17:18:00,A,838
1637,2623,2025-09-06 12:24:00,A,487
1638,2626,2026-06-09 13:38:00,A,12
1639,2627,2026-03-19 15:28:00,C,584
1640,2628,2023-07-20 11:03:00,C,1140
1641,2629,2023-04-29 12:25:00,A,431
1642,2631,2024-08-24 12:17:00,A,1156
1643,2632,2025-12-11 11:48:00,C,1039
1644,2633,2025-01-09 16:31:00,A,1085
1645,2634,2024-05-18 11:33:00,B,127
1646,2636,2023-07-23 14:42:00,C,521
1647,2637,2024-10-02 11:05:00,A,1009
1648,2639,2024-07-06 13:45:00,A,503
1649,2641,2025-05-12 14:50:00,A,48
1650,2642,2025-09-07 16:58:00,A,57
1651,2643,2026-06-30 14:43:00,A,552
1652,2644,2026-04-01 13:03:00,A,12
1653,2645,2023-08-27 15:21:00,A,831
1654,2648,2024-08-29 17:27:00,A,405
1655,2649,2025-07-01 17:53:00,A,946
1656,2650,2026-06-17 14:06:00,A,514
1657,2651,2026-06-30 17:27:00,A,32
1658,2653,2023-08-21 11:57:00,A,1181
1659,2655,2026-06-30 17:54:00,A,302
1660,2658,2023-10-10 09:46:00,A,1167
1661,2659,2023-10-16 13:56:00,A,1106
1662,2660,2026-04-03 13:09:00,A,1023
1663,2661,2025-08-04 17:40:00,C,363
1664,2662,2025-12-13 16:33:00,A,595
1665,2664,2026-06-30 14:02:00,A,475
1666,2665,2026-06-30 14:53:00,B,451
1667,2666,2026-06-30 11:57:00,A,959
1668,2667,2025-03-14 12:55:00,A,756
1669,2668,2024-06-19 16:53:00,A,1063
1670,2669,2026-04-10 10:27:00,A,899
1671,2672,2025-06-19 10:14:00,A,1091
1672,2674,2024-06-13 15:52:00,B,268
1673,2675,2025-10-11 17:05:00,A,1067
1674,2676,2024-02-11 10:17:00,A,1143
1675,2677,2026-06-05 11:04:00,C,1035
1676,2679,2026-03-31 17:15:00,B,178
1677,2680,2024-02-25 16:02:00,A,73
1678,2681,2025-10-08 09:03:00,A,733
1679,2682,2024-09-10 14:29:00,A,635
1680,2684,2025-05-05 14:47:00,A,584
1681,2685,2024-03-27 16:29:00,A,726
1682,2687,2024-10-13 13:56:00,A,941
1683,2689,2024-07-25 10:28:00,A,504
1684,2691,2023-04-16 15:24:00,A,76
1685,2692,2024-11-18 15:20:00,C,1161
1686,2693,2024-10-22 09:40:00,B,262
1687,2695,2026-06-06 12:20:00,B,192
1688,2697,2025-09-04 09:37:00,A,1121
1689,2698,2024-06-22 17:21:00,A,256
1690,2701,2026-06-13 16:43:00,A,488
1691,2702,2025-06-18 17:55:00,A,526
1692,2703,2026-06-05 16:58:00,A,1071
1693,2704,2024-08-22 11:18:00,A,1054
1694,2706,2024-06-16 14:35:00,C,835
1695,2707,2025-08-23 11:06:00,C,598
1696,2709,2024-08-14 15:13:00,A,370
1697,2710,2023-06-25 17:18:00,C,975
1698,2711,2026-04-20 14:21:00,A,141
1699,2712,2024-03-18 12:39:00,A,15
1700,2715,2026-06-30 09:46:00,A,836
1701,2717,2025-11-06 11:24:00,C,1121
1702,2718,2024-10-14 13:44:00,A,395
1703,2719,2023-07-05 11:01:00,A,535
1704,2720,2025-02-23 13:46:00,A,480
1705,2721,2023-10-30 16:51:00,A,616
1706,2725,2026-06-30 15:16:00,A,391
1707,2726,2023-10-06 09:12:00,A,608
1708,2731,2026-01-10 17:29:00,A,980
1709,2733,2024-07-26 15:07:00,B,485
1710,2735,2026-06-30 14:31:00,A,1082
1711,2737,2023-09-20 14:26:00,C,941
1712,2740,2025-10-06 17:07:00,C,194
1713,2743,2024-08-28 12:24:00,A,268
1714,2744,2024-07-20 17:46:00,A,112
1715,2745,2024-04-13 10:30:00,B,248
1716,2746,2023-07-25 13:00:00,A,22
1717,2748,2023-09-25 16:16:00,A,757
1718,2749,2023-06-30 11:13:00,A,1132
1719,2751,2026-06-30 14:19:00,A,496
1720,2752,2025-07-16 15:11:00,B,177
1721,2753,2023-09-10 12:44:00,C,333
1722,2756,2025-07-13 15:13:00,B,4
1723,2757,2024-07-10 11:14:00,A,570
1724,2759,2023-08-09 16:12:00,A,915
1725,2762,2025-12-21 14:03:00,A,1155
1726,2763,2023-09-11 13:28:00,A,1010
1727,2764,2024-07-28 13:20:00,A,932
1728,2765,2026-06-30 17:21:00,A,972
1729,2766,2024-12-05 11:50:00,A,197
1730,2767,2023-05-12 16:58:00,A,567
1731,2768,2025-02-28 15:42:00,A,981
1732,2770,2023-05-31 10:20:00,C,86
1733,2772,2024-08-07 17:10:00,A,976
1734,2773,2023-05-19 11:18:00,C,602
1735,2774,2023-07-24 11:02:00,A,908
1736,2775,2024-08-24 15:02:00,C,805
1737,2777,2023-08-27 11:54:00,A,425
1738,2778,2025-12-31 09:02:00,C,833
1739,2780,2024-04-10 16:32:00,A,495
1740,2782,2024-09-05 15:19:00,A,564
1741,2783,2026-06-30 12:43:00,A,1023
1742,2785,2024-12-26 14:51:00,A,158
1743,2786,2025-10-20 12:46:00,A,319
1744,2788,2024-01-02 14:51:00,A,503
1745,2789,2025-11-11 11:20:00,A,243
1746,2791,2023-09-09 12:39:00,A,179
1747,2793,2024-06-04 12:38:00,C,804
1748,2796,2025-02-22 09:10:00,B,886
1749,2798,2025-07-16 13:02:00,A,437
1750,2799,2023-07-01 09:21:00,A,259
1751,2802,2025-05-08 17:41:00,C,466
1752,2803,2026-06-30 15:28:00,A,94
1753,2804,2024-08-31 16:50:00,A,102
1754,2805,2025-10-27 09:55:00,B,229
1755,2810,2025-04-28 16:30:00,A,49
1756,2811,2023-06-05 13:35:00,A,1008
1757,2812,2023-04-26 13:08:00,C,1176
1758,2814,2026-05-27 17:31:00,B,393
1759,2816,2023-09-26 16:37:00,B,1143
1760,2818,2025-01-29 14:53:00,A,308
1761,2819,2023-10-19 16:02:00,A,393
1762,2820,2026-02-17 17:48:00,C,1190
1763,2822,2026-03-08 13:59:00,A,786
1764,2823,2026-04-01 15:13:00,A,976
1765,2824,2024-03-04 16:00:00,C,6
1766,2825,2026-06-09 17:10:00,A,503
1767,2827,2026-05-13 15:19:00,A,355
1768,2829,2025-04-27 11:04:00,A,86
1769,2830,2024-11-13 17:25:00,C,472
1770,2831,2024-10-02 09:22:00,A,820
1771,2835,2025-10-16 12:55:00,A,230
1772,2836,2023-12-24 17:49:00,C,490
1773,2837,2025-06-27 11:35:00,A,148
1774,2838,2025-11-13 10:19:00,B,1129
1775,2840,2023-09-29 14:28:00,B,518
1776,2841,2026-06-30 16:07:00,A,897
1777,2842,2024-01-12 14:37:00,A,1036
1778,2845,2024-03-27 17:05:00,A,149
1779,2846,2023-03-29 17:03:00,A,718
1780,2848,2023-11-05 14:13:00,A,923
1781,2849,2024-06-02 15:26:00,C,1169
1782,2851,2025-10-26 11:40:00,A,541
1783,2853,2025-12-01 11:06:00,A,704
1784,2856,2025-08-25 15:31:00,A,668
1785,2857,2024-07-01 12:52:00,A,893
1786,2858,2025-08-17 17:49:00,A,426
1787,2860,2026-06-12 09:54:00,A,90
1788,2862,2024-08-24 10:22:00,A,500
1789,2863,2023-09-07 14:52:00,A,878
1790,2865,2025-05-09 11:21:00,A,442
1791,2866,2024-09-05 17:46:00,A,953
1792,2867,2023-08-02 15:05:00,A,899
1793,2868,2024-08-24 14:05:00,C,326
1794,2869,2023-04-28 09:39:00,A,349
1795,2873,2024-04-27 17:15:00,A,280
1796,2874,2025-10-13 11:43:00,A,173
1797,2877,2023-02-17 14:21:00,A,1022
1798,2878,2026-01-05 10:30:00,A,118
1799,2879,2024-09-29 12:07:00,C,62
1800,2882,2024-06-15 09:09:00,B,6
1801,2883,2025-08-11 14:12:00,B,468
1802,2884,2025-02-24 09:37:00,A,81
1803,2886,2024-06-01 09:06:00,C,794
1804,2887,2023-11-11 12:27:00,B,1199
1805,2891,2025-09-01 16:04:00,A,1166
1806,2893,2026-06-30 15:20:00,C,417
1807,2894,2023-07-07 10:37:00,A,1056
1808,2896,2024-03-10 15:49:00,A,1126
1809,2897,2023-05-29 17:55:00,A,143
1810,2898,2024-07-27 09:43:00,B,423
1811,2899,2024-11-12 17:23:00,A,607
1812,2901,2025-07-06 12:06:00,B,117
1813,2905,2025-04-22 09:21:00,A,562
1814,2908,2024-11-30 09:26:00,A,422
1815,2909,2026-02-23 12:18:00,B,697
1816,2913,2025-04-12 11:09:00,C,372
1817,2914,2024-12-24 16:14:00,A,878
1818,2915,2024-07-12 12:36:00,A,848
1819,2916,2026-06-30 16:59:00,C,102
1820,2917,2025-06-13 17:39:00,A,282
1821,2921,2025-09-09 15:49:00,A,692
1822,2924,2024-07-27 14:51:00,C,1063
1823,2925,2023-04-11 10:42:00,A,451
1824,2927,2025-09-20 11:07:00,C,551
1825,2928,2023-07-02 17:07:00,A,960
1826,2930,2025-08-20 10:41:00,B,972
1827,2931,2026-04-24 11:58:00,A,670
1828,2933,2026-06-30 16:50:00,A,197
1829,2935,2025-05-01 09:28:00,A,169
1830,2936,2024-09-30 10:24:00,A,36
1831,2937,2025-02-20 11:30:00,B,640
1832,2940,2026-06-30 15:38:00,A,266
1833,2941,2025-04-14 09:44:00,A,1101
1834,2943,2025-08-07 10:59:00,A,351
1835,2945,2023-07-22 11:54:00,A,52
1836,2946,2024-06-07 11:52:00,A,48
1837,2947,2025-07-10 11:14:00,A,105
1838,2949,2026-06-21 15:24:00,A,308
1839,2950,2024-08-10 15:41:00,A,838
1840,2955,2025-10-23 13:11:00,A,215
1841,2956,2024-10-04 12:04:00,A,930
1842,2957,2026-03-29 15:58:00,A,514
1843,2959,2023-08-08 15:34:00,A,1164
1844,2960,2023-06-06 09:11:00,B,308
1845,2962,2024-10-13 12:06:00,C,243
1846,2965,2026-06-30 10:40:00,C,319
1847,2967,2026-06-10 09:57:00,A,488
1848,2969,2023-11-11 14:34:00,B,1142
1849,2970,2023-06-21 15:10:00,A,651
1850,2971,2024-04-26 11:03:00,B,863
1851,2973,2024-08-06 13:56:00,C,901
1852,2974,2026-06-30 12:26:00,A,499
1853,2976,2025-10-19 12:59:00,A,317
1854,2977,2025-01-14 16:56:00,C,1036
1855,2978,2026-06-30 16:48:00,C,351
1856,2979,2024-03-06 17:57:00,A,603
1857,2982,2026-06-30 10:34:00,A,1156
1858,2983,2026-06-21 10:41:00,A,562
1859,2984,2024-07-20 12:40:00,B,867
1860,2985,2026-03-22 15:53:00,A,35
1861,2987,2026-06-30 16:29:00,A,936
1862,2989,2023-04-19 10:33:00,C,395
1863,2992,2023-10-20 12:46:00,A,172
1864,2993,2025-01-30 13:00:00,A,375
1865,2995,2024-11-18 16:31:00,A,909
1866,2997,2025-10-19 13:26:00,A,1199
1867,3000,2024-12-14 17:46:00,B,500
1868,3004,2024-07-17 12:18:00,A,996
1869,3005,2025-02-24 13:51:00,A,863
1870,3008,2024-02-20 10:35:00,B,739
1871,3009,2026-06-30 12:49:00,A,961
1872,3012,2026-06-30 16:42:00,A,90
1873,3017,2026-01-17 13:58:00,A,391
1874,3021,2024-05-18 09:07:00,A,349
1875,3022,2025-11-11 17:02:00,A,442
1876,3024,2024-05-13 17:51:00,A,856
1877,3025,2026-06-30 13:16:00,A,1079
1878,3027,2025-02-03 12:01:00,A,1154
1879,3028,2023-10-30 10:33:00,A,963
1880,3030,2023-08-13 15:18:00,C,1161
1881,3032,2026-06-30 11:39:00,A,694
1882,3033,2025-07-08 14:12:00,A,1151
1883,3034,2026-06-30 12:56:00,A,928
1884,3035,2025-05-17 16:49:00,B,32
1885,3036,2023-04-08 14:02:00,A,301
1886,3037,2026-04-05 09:33:00,A,643
1887,3040,2026-06-30 12:06:00,C,1056
1888,3044,2023-07-05 13:49:00,B,448
1889,3045,2026-03-09 14:05:00,A,571
1890,3047,2023-11-06 11:53:00,A,494
1891,3048,2026-06-30 16:19:00,A,897
1892,3049,2026-04-23 10:08:00,C,753
1893,3050,2024-06-12 13:40:00,B,909
1894,3051,2024-08-17 11:50:00,A,1143
1895,3055,2023-04-27 14:14:00,A,5
1896,3056,2026-06-30 15:47:00,A,1076
1897,3058,2024-06-09 15:53:00,A,216
1898,3060,2024-02-24 16:30:00,A,193
1899,3061,2023-10-06 15:01:00,C,430
1900,3062,2024-01-01 14:25:00,C,490
1901,3064,2023-08-30 13:43:00,A,417
1902,3065,2025-07-05 10:55:00,A,567
1903,3070,2024-06-28 17:18:00,B,946
1904,3071,2023-09-03 13:18:00,A,457
1905,3073,2026-06-27 15:14:00,A,76
1906,3074,2026-06-30 09:42:00,A,996
1907,3076,2025-06-30 12:18:00,C,223
1908,3080,2026-06-22 10:27:00,A,935
1909,3081,2024-09-17 14:25:00,C,480
1910,3082,2024-03-11 09:52:00,A,507
1911,3083,2024-12-22 10:54:00,A,1142
1912,3084,2025-03-08 17:05:00,C,935
1913,3086,2024-01-29 10:46:00,A,395
1914,3088,2024-01-18 16:33:00,C,163
1915,3090,2024-03-17 15:46:00,C,290
1916,3091,2025-10-04 17:29:00,A,1151
1917,3093,2025-06-18 14:59:00,A,482
1918,3094,2024-11-17 09:36:00,C,1156
1919,3095,2023-12-20 16:47:00,C,852
1920,3100,2023-10-03 09:55:00,B,942
1921,3102,2024-02-06 15:44:00,A,468
1922,3103,2025-10-03 10:27:00,A,748
1923,3104,2025-09-03 12:18:00,A,890
1924,3106,2025-09-22 13:28:00,B,712
1925,3111,2024-08-16 15:54:00,A,268
1926,3113,2024-01-14 12:54:00,A,1167
1927,3114,2024-07-31 17:51:00,A,1151
1928,3116,2024-06-29 13:39:00,A,1079
1929,3117,2026-06-30 16:24:00,B,852
1930,3118,2023-04-29 11:13:00,A,866
1931,3119,2025-06-25 12:32:00,A,1076
1932,3120,2025-01-03 14:30:00,A,159
1933,3121,2026-06-30 17:22:00,A,823
1934,3122,2023-10-31 16:36:00,A,333
1935,3123,2023-11-27 16:11:00,A,1111
1936,3124,2025-08-31 16:36:00,A,1003
1937,3125,2024-07-31 15:16:00,A,646
1938,3126,2025-11-14 17:17:00,A,536
1939,3128,2025-07-27 10:24:00,A,972
1940,3130,2025-10-20 16:36:00,A,430
1941,3132,2023-07-30 17:26:00,A,269
1942,3133,2025-05-22 11:42:00,A,50
1943,3134,2024-03-01 14:54:00,A,1184
1944,3135,2026-06-03 09:56:00,A,260
1945,3136,2025-03-02 12:03:00,A,815
1946,3137,2024-01-29 17:49:00,A,193
1947,3138,2023-11-18 16:18:00,B,976
1948,3139,2025-09-05 14:36:00,A,753
1949,3140,2024-10-05 11:46:00,A,486
1950,3142,2025-07-30 13:33:00,A,76
1951,3143,2026-02-13 13:20:00,C,132
1952,3144,2026-06-30 11:34:00,C,654
1953,3145,2023-02-27 16:56:00,A,375
1954,3146,2026-06-30 13:51:00,A,668
1955,3147,2024-06-07 15:32:00,A,411
1956,3148,2023-08-10 17:42:00,A,981
1957,3149,2026-06-30 17:22:00,A,872
1958,3150,2025-12-22 11:55:00,A,550
1959,3154,2025-06-21 17:01:00,A,859
1960,3155,2024-04-27 14:49:00,C,952
1961,3156,2023-10-09 16:03:00,B,326
1962,3157,2026-04-10 13:02:00,A,125
1963,3159,2025-06-01 14:58:00,A,805
1964,3160,2024-01-06 09:52:00,A,1042
1965,3165,2024-09-25 12:00:00,A,598
1966,3168,2026-06-30 15:51:00,C,348
1967,3169,2024-10-14 11:38:00,A,392
1968,3170,2024-10-01 15:04:00,A,415
1969,3173,2025-06-10 12:13:00,A,7
1970,3175,2025-11-14 09:13:00,C,936
1971,3177,2025-09-07 17:51:00,A,1133
1972,3178,2026-06-30 17:54:00,C,743
1973,3179,2023-11-03 10:56:00,A,488
1974,3181,2026-05-11 17:05:00,A,246
1975,3182,2025-07-23 10:30:00,A,494
1976,3184,2026-01-12 14:25:00,A,1121
1977,3186,2023-11-01 09:13:00,A,415
1978,3187,2026-06-30 15:11:00,A,405
1979,3188,2025-11-19 10:27:00,B,696
1980,3189,2025-07-09 13:26:00,A,351
1981,3190,2026-06-17 12:06:00,A,52
1982,3191,2025-08-15 12:46:00,A,830
1983,3192,2026-06-27 16:06:00,A,1082
1984,3194,2026-06-05 17:27:00,A,917
1985,3195,2024-08-16 14:32:00,A,965
1986,3198,2023-03-04 16:46:00,A,272
1987,3199,2026-05-10 11:24:00,A,1008
1988,3200,2023-12-16 16:20:00,A,602
1989,3201,2024-10-12 10:13:00,C,949
1990,3202,2023-04-28 11:43:00,B,820
1991,3203,2026-06-30 10:06:00,A,893
1992,3204,2026-06-30 11:10:00,A,541
1993,3206,2024-09-03 17:50:00,A,536
1994,3207,2024-10-07 10:10:00,A,988
1995,3209,2024-05-31 09:42:00,C,391
1996,3210,2026-06-30 14:00:00,B,423
1997,3211,2026-06-30 13:01:00,A,970
1998,3212,2026-06-30 17:05:00,A,728
1999,3214,2023-11-15 11:32:00,C,998
2000,3215,2026-05-22 14:00:00,A,864
2001,3216,2023-07-26 13:24:00,A,955
2002,3217,2024-09-17 10:54:00,A,867
2003,3219,2024-08-16 11:07:00,B,890
2004,3220,2023-09-22 13:00:00,A,571
2005,3223,2026-01-15 10:41:00,A,718
2006,3225,2026-06-30 15:25:00,C,49
2007,3227,2025-12-04 11:15:00,C,513
2008,3229,2026-05-31 11:33:00,A,33
2009,3231,2024-08-23 16:05:00,A,852
2010,3232,2026-06-15 09:25:00,A,223
2011,3234,2025-05-21 09:02:00,A,504
2012,3238,2026-06-30 13:02:00,A,259
2013,3240,2024-10-15 10:55:00,A,1140
2014,3241,2025-05-29 09:50:00,A,70
2015,3247,2026-05-31 11:20:00,B,25
2016,3251,2023-06-02 13:03:00,A,1035
2017,3253,2023-08-11 14:37:00,A,783
2018,3254,2024-08-06 11:12:00,A,825
2019,3255,2024-06-16 17:11:00,A,969
2020,3256,2024-06-21 16:42:00,A,236
2021,3257,2023-05-10 16:10:00,A,1168
2022,3258,2026-06-30 17:28:00,A,73
2023,3259,2025-09-28 09:15:00,A,917
2024,3260,2023-11-20 11:49:00,A,1071
2025,3261,2023-05-20 14:49:00,C,615
2026,3262,2025-09-27 14:51:00,A,725
2027,3265,2025-06-11 15:30:00,A,25
2028,3266,2023-07-16 09:13:00,A,425
2029,3267,2024-07-05 15:21:00,A,422
2030,3269,2025-02-17 09:33:00,C,245
2031,3270,2023-07-26 17:26:00,A,1181
2032,3271,2025-07-04 09:26:00,A,181
2033,3272,2024-07-28 16:04:00,A,716
2034,3273,2024-02-27 17:34:00,A,758
2035,3278,2024-01-16 11:52:00,A,753
2036,3279,2023-08-31 15:17:00,A,1181
2037,3280,2023-08-02 13:39:00,A,993
2038,3281,2025-07-12 14:48:00,A,302
2039,3282,2024-05-24 15:32:00,A,1154
2040,3283,2023-11-27 10:52:00,A,755
2041,3286,2025-10-07 10:47:00,A,952
2042,3287,2024-06-11 14:36:00,B,624
2043,3288,2026-06-30 14:53:00,B,428
2044,3289,2025-09-28 16:47:00,A,748
2045,3290,2023-09-21 13:42:00,A,866
2046,3291,2026-06-30 16:56:00,A,859
2047,3292,2024-07-08 11:24:00,A,1158
2048,3293,2023-05-28 17:10:00,C,94
2049,3294,2025-07-08 09:02:00,A,866
2050,3295,2025-08-02 10:37:00,A,385
2051,3296,2026-05-01 16:35:00,C,122
2052,3298,2024-09-26 14:58:00,A,971
2053,3300,2026-05-29 16:31:00,C,725
2054,3301,2025-12-04 12:59:00,A,28
2055,3302,2025-08-25 16:14:00,A,212
2056,3303,2023-09-10 10:35:00,B,697
2057,3305,2023-10-01 14:13:00,A,715
2058,3306,2026-06-30 12:29:00,A,302
2059,3308,2026-03-19 16:52:00,A,411
2060,3310,2025-07-31 12:51:00,A,501
2061,3311,2026-06-30 13:20:00,C,493
2062,3312,2023-11-05 14:18:00,A,370
2063,3313,2023-06-25 11:44:00,A,52
2064,3314,2025-04-09 12:19:00,A,488
2065,3315,2024-08-23 12:54:00,B,876
2066,3319,2025-05-03 16:16:00,A,541
2067,3321,2023-07-10 14:17:00,C,758
2068,3325,2024-12-08 14:09:00,C,375
2069,3326,2023-11-15 12:38:00,A,450
2070,3327,2026-03-31 17:14:00,A,603
2071,3328,2023-03-04 09:33:00,A,967
2072,3329,2026-03-27 10:48:00,A,108
2073,3333,2025-06-12 17:20:00,A,420
2074,3335,2024-07-14 11:14:00,C,326
2075,3336,2025-06-06 13:50:00,A,893
2076,3337,2025-12-03 15:06:00,A,117
2077,3338,2026-06-30 11:55:00,A,976
2078,3340,2026-06-30 09:08:00,A,805
2079,3341,2026-06-30 15:39:00,A,725
2080,3342,2026-06-30 09:08:00,A,313
2081,3343,2024-06-10 12:51:00,C,199
2082,3345,2024-09-26 12:21:00,A,177
2083,3347,2023-11-30 10:18:00,A,351
2084,3349,2024-07-03 17:11:00,A,229
2085,3352,2024-05-09 12:49:00,A,205
2086,3354,2026-06-30 09:16:00,A,148
2087,3355,2026-06-30 13:06:00,C,736
2088,3356,2026-06-08 12:43:00,A,215
2089,3358,2024-03-29 09:13:00,A,1169
2090,3361,2026-06-30 11:10:00,B,181
2091,3364,2024-09-05 12:30:00,B,232
2092,3368,2024-12-03 17:39:00,A,959
2093,3369,2025-12-07 12:55:00,A,1175
2094,3370,2024-11-05 16:51:00,A,495
2095,3371,2024-10-29 14:56:00,C,743
2096,3372,2025-08-13 14:39:00,A,825
2097,3373,2026-06-30 15:37:00,A,63
2098,3375,2026-06-30 10:25:00,A,215
2099,3377,2024-11-19 16:19:00,A,820
2100,3378,2026-06-30 09:30:00,A,993
2101,3382,2023-11-19 13:32:00,B,616
2102,3384,2024-07-26 17:28:00,A,314
2103,3385,2023-08-06 09:27:00,A,32
2104,3388,2025-10-20 10:59:00,C,570
2105,3389,2024-03-31 14:25:00,B,409
2106,3390,2023-08-24 16:14:00,A,1077
2107,3394,2025-08-09 13:01:00,C,133
2108,3395,2024-06-06 14:19:00,C,967
2109,3398,2025-11-15 10:39:00,C,248
2110,3400,2024-09-20 10:26:00,A,76
2111,3402,2025-06-15 09:53:00,C,218
2112,3403,2026-06-30 09:21:00,A,1152
2113,3406,2023-08-02 11:19:00,A,248
2114,3407,2026-06-30 14:54:00,A,268
2115,3409,2025-01-30 14:29:00,A,391
2116,3413,2025-09-19 16:00:00,A,499
2117,3414,2025-02-25 13:19:00,C,324
2118,3415,2025-09-28 15:49:00,A,1184
2119,3416,2024-05-19 11:50:00,A,771
2120,3417,2024-04-18 11:22:00,A,33
2121,3418,2024-09-20 12:44:00,A,275
2122,3419,2026-06-30 14:07:00,A,907
2123,3420,2025-11-23 14:24:00,A,458
2124,3421,2026-06-30 13:11:00,A,269
2125,3423,2024-03-24 13:16:00,C,337
2126,3424,2023-10-07 13:42:00,A,423
2127,3425,2024-08-25 15:10:00,A,585
2128,3427,2026-06-30 11:30:00,C,347
2129,3428,2023-03-28 15:44:00,A,608
2130,3430,2026-06-30 17:04:00,A,159
2131,3431,2024-09-08 14:41:00,A,514
2132,3432,2025-12-20 16:08:00,A,741
2133,3435,2026-06-30 09:43:00,A,1036
2134,3436,2026-06-30 09:12:00,A,981
2135,3439,2024-09-10 10:52:00,A,1036
2136,3440,2023-10-12 13:08:00,C,998
2137,3441,2025-02-19 10:12:00,A,941
2138,3442,2023-05-21 14:07:00,C,949
2139,3443,2025-07-14 10:05:00,B,372
2140,3444,2024-01-05 10:13:00,A,452
2141,3449,2023-11-23 12:21:00,A,28
2142,3453,2024-02-29 10:44:00,A,694
2143,3455,2025-11-16 09:58:00,A,310
2144,3456,2025-04-28 13:59:00,A,635
2145,3457,2025-11-15 14:09:00,A,86
2146,3459,2025-07-19 12:55:00,A,1133
2147,3461,2024-06-16 16:13:00,B,67
2148,3462,2023-07-02 10:33:00,C,986
2149,3463,2026-05-22 09:53:00,C,375
2150,3465,2025-07-19 17:51:00,A,336
2151,3466,2024-07-08 17:08:00,A,1085
2152,3467,2023-11-29 16:45:00,A,1177
2153,3471,2026-06-05 16:01:00,A,425
2154,3472,2023-04-13 12:38:00,C,588
2155,3473,2026-06-30 11:34:00,C,126
2156,3474,2025-05-15 17:06:00,A,246
2157,3477,2024-06-28 10:02:00,A,134
2158,3480,2023-05-30 14:24:00,A,654
2159,3481,2023-12-30 17:24:00,A,820
2160,3483,2023-11-28 09:01:00,A,395
2161,3484,2025-06-29 15:06:00,A,809
2162,3485,2024-06-12 09:51:00,A,846
2163,3486,2023-12-14 13:30:00,C,482
2164,3487,2026-06-30 12:27:00,A,238
2165,3489,2024-10-10 09:16:00,A,363
2166,3490,2023-06-29 13:15:00,A,855
2167,3492,2023-06-06 17:07:00,A,774
2168,3493,2026-06-30 10:17:00,B,559
2169,3494,2023-05-09 16:33:00,A,1039
2170,3497,2026-06-30 11:34:00,A,468
2171,3498,2026-06-04 11:51:00,A,442
2172,3499,2026-06-30 14:41:00,A,1161
2173,3500,2023-07-31 11:17:00,A,1093
2174,3503,2025-05-28 10:17:00,A,469
2175,3505,2026-06-09 11:53:00,A,409
2176,3506,2026-06-30 14:41:00,A,936
2177,3507,2025-06-13 11:42:00,A,1190
2178,3508,2026-04-14 12:57:00,A,164
2179,3510,2026-06-30 17:14:00,A,723
2180,3511,2023-10-06 11:10:00,B,739
2181,3512,2025-09-02 15:06:00,A,7
2182,3513,2023-05-10 16:09:00,C,820
2183,3514,2025-12-03 15:27:00,A,643
2184,3515,2025-12-22 10:24:00,B,848
2185,3517,2026-06-30 12:14:00,A,642
2186,3519,2024-06-22 12:33:00,B,852
2187,3520,2025-01-27 14:58:00,A,134
2188,3521,2023-11-26 14:39:00,A,35
2189,3522,2023-05-26 12:38:00,B,494
2190,3524,2026-02-17 09:01:00,A,164
2191,3525,2025-01-10 17:56:00,A,1074
2192,3527,2025-08-23 13:04:00,C,132
2193,3528,2026-06-30 10:02:00,A,347
2194,3529,2026-06-30 12:03:00,A,219
2195,3531,2025-08-17 10:23:00,C,836
2196,3534,2025-02-03 11:36:00,B,230
2197,3535,2025-09-21 13:21:00,A,268
2198,3538,2025-07-15 10:44:00,A,487
2199,3540,2025-09-17 10:00:00,A,496
2200,3542,2023-03-19 11:29:00,A,976
2201,3543,2024-10-18 15:38:00,C,1106
2202,3544,2025-07-09 13:47:00,C,897
2203,3547,2026-06-30 15:13:00,A,1071
2204,3548,2024-11-30 10:54:00,C,1091
2205,3549,2026-06-30 15:50:00,A,423
2206,3550,2026-01-21 09:51:00,A,428
2207,3551,2024-10-26 10:19:00,A,816
2208,3552,2025-12-20 13:56:00,A,1172
2209,3553,2025-10-03 13:11:00,A,782
2210,3556,2024-09-28 16:56:00,A,504
2211,3557,2023-08-22 15:14:00,A,1133
2212,3558,2026-03-17 15:41:00,A,857
2213,3561,2024-07-30 15:20:00,A,684
2214,3562,2025-12-10 11:57:00,C,768
2215,3563,2024-11-08 10:11:00,A,1094
2216,3564,2025-10-30 17:45:00,A,374
2217,3565,2025-10-25 17:01:00,C,42
2218,3567,2026-06-30 17:47:00,A,595
2219,3568,2025-02-27 10:43:00,B,308
2220,3571,2026-06-30 17:44:00,A,654
2221,3573,2023-05-24 16:45:00,A,264
2222,3576,2024-10-15 14:25:00,A,929
2223,3577,2024-09-26 09:59:00,B,757
2224,3578,2024-11-06 15:52:00,A,876
2225,3579,2025-09-20 13:38:00,A,496
2226,3580,2026-04-11 13:22:00,C,289
2227,3584,2023-05-23 13:57:00,A,289
2228,3585,2023-04-24 15:30:00,C,704
2229,3586,2024-08-22 11:34:00,A,1036
2230,3587,2024-09-19 12:02:00,A,1022
2231,3588,2024-07-28 10:45:00,A,561
2232,3590,2025-06-28 12:49:00,C,422
2233,3592,2025-12-12 16:33:00,A,25
2234,3593,2024-06-10 16:55:00,C,647
2235,3595,2023-10-01 13:47:00,A,238
2236,3596,2023-07-30 11:59:00,A,405
2237,3597,2023-04-25 11:40:00,C,890
2238,3599,2025-02-02 09:11:00,A,409
2239,3601,2023-12-24 16:48:00,A,417
2240,3605,2025-11-20 13:54:00,A,510
2241,3606,2024-03-06 13:18:00,A,17
2242,3607,2025-03-14 16:59:00,B,1159
2243,3608,2026-06-30 12:36:00,B,290
2244,3609,2024-06-14 17:19:00,A,1091
2245,3611,2026-06-30 10:13:00,B,11
2246,3616,2026-06-30 12:55:00,C,301
2247,3617,2024-06-15 16:37:00,B,403
2248,3619,2024-06-19 12:48:00,A,385
2249,3621,2026-06-30 11:05:00,A,441
2250,3623,2026-06-24 09:09:00,A,74
2251,3624,2023-08-31 12:33:00,B,575
2252,3625,2026-04-29 10:22:00,C,965
2253,3627,2024-04-17 10:10:00,A,852
2254,3630,2026-03-08 16:59:00,A,647
2255,3632,2026-06-30 14:07:00,A,1088
2256,3633,2024-10-31 13:57:00,B,757
2257,3634,2024-09-14 12:43:00,A,1054
2258,3635,2026-06-30 13:54:00,C,236
2259,3636,2025-09-09 11:08:00,A,159
2260,3637,2026-06-30 12:41:00,C,737
2261,3638,2024-04-28 10:28:00,A,905
2262,3639,2024-07-23 12:33:00,C,669
2263,3640,2026-06-08 14:30:00,A,1054
2264,3641,2024-09-12 17:12:00,A,1164
2265,3643,2024-02-01 13:43:00,C,42
2266,3646,2025-01-11 17:44:00,A,1135
2267,3648,2023-10-07 09:17:00,A,626
2268,3649,2026-01-27 10:07:00,C,1167
2269,3650,2023-07-11 12:47:00,B,809
2270,3651,2024-01-25 09:43:00,A,511
2271,3652,2025-09-07 17:18:00,A,259
2272,3654,2026-06-30 12:24:00,A,308
2273,3655,2026-06-30 15:22:00,A,1109
2274,3656,2026-04-17 14:03:00,A,634
2275,3657,2026-02-14 17:27:00,A,177
2276,3658,2026-06-08 09:29:00,A,485
2277,3661,2024-09-26 17:41:00,A,50
2278,3662,2025-08-08 14:56:00,A,333
2279,3663,2025-10-26 14:03:00,C,451
2280,3665,2023-06-23 10:13:00,A,256
2281,3667,2024-08-07 13:35:00,A,1093
2282,3669,2025-08-01 09:39:00,A,1088
2283,3671,2024-06-10 09:14:00,A,964
2284,3672,2023-10-17 11:32:00,C,1150
2285,3673,2024-06-30 14:21:00,B,678
2286,3674,2023-12-21 14:13:00,A,153
2287,3675,2024-05-30 09:37:00,A,835
2288,3676,2026-04-06 13:10:00,A,771
2289,3679,2025-09-10 14:49:00,A,419
2290,3680,2024-08-14 17:34:00,A,1148
2291,3681,2025-06-02 17:08:00,C,224
2292,3682,2024-09-30 12:11:00,C,1169
2293,3684,2026-02-09 11:23:00,A,978
2294,3685,2025-04-22 11:42:00,A,996
2295,3686,2026-01-18 16:26:00,A,164
2296,3687,2023-12-01 12:44:00,A,118
2297,3689,2024-01-28 10:02:00,B,666
2298,3690,2023-07-12 13:21:00,B,993
2299,3692,2025-09-11 16:51:00,B,829
2300,3696,2026-06-30 12:18:00,A,536
2301,3698,2023-10-16 11:43:00,A,855
2302,3699,2023-04-21 09:32:00,A,969
2303,3701,2023-08-13 15:42:00,A,652
2304,3702,2026-06-30 11:26:00,A,684
2305,3704,2024-06-13 10:09:00,A,232
2306,3705,2026-06-30 09:57:00,A,541
2307,3706,2025-05-20 15:16:00,B,320
2308,3708,2025-09-04 16:28:00,A,67
2309,3709,2023-10-20 11:39:00,A,678
2310,3710,2026-06-30 16:01:00,A,957
2311,3711,2026-06-20 10:18:00,A,1113
2312,3712,2026-06-30 12:24:00,A,149
2313,3715,2026-06-30 15:42:00,A,669
2314,3717,2024-12-23 11:05:00,B,1114
2315,3718,2025-01-19 16:09:00,A,733
2316,3719,2024-06-22 09:08:00,B,337
2317,3720,2023-12-30 11:28:00,B,57
2318,3723,2024-07-12 14:12:00,A,900
2319,3724,2026-04-26 14:19:00,A,805
2320,3725,2026-06-30 15:37:00,A,955
2321,3726,2024-09-01 13:53:00,A,246
2322,3728,2023-03-25 09:44:00,A,1063
2323,3730,2026-01-11 16:22:00,A,179
2324,3733,2024-06-12 11:17:00,A,991
2325,3734,2026-06-30 13:29:00,C,930
2326,3735,2026-06-22 14:48:00,A,504
2327,3736,2023-08-09 17:49:00,A,280
2328,3737,2026-06-30 10:56:00,A,417
2329,3738,2025-10-14 15:37:00,B,1154
2330,3741,2024-11-25 16:53:00,A,947
2331,3742,2024-07-01 09:55:00,A,1074
2332,3743,2024-07-12 13:37:00,C,1200
2333,3744,2023-08-23 16:48:00,A,504
2334,3745,2026-04-24 15:35:00,A,616
2335,3746,2023-05-08 14:15:00,B,794
2336,3749,2026-06-30 09:48:00,B,973
2337,3752,2026-03-23 13:51:00,A,319
2338,3753,2023-07-04 12:05:00,A,725
2339,3758,2026-06-30 17:12:00,A,347
2340,3759,2024-09-01 09:30:00,A,278
2341,3762,2024-06-12 17:06:00,A,161
2342,3763,2024-04-19 14:36:00,A,983
2343,3764,2026-03-13 10:46:00,A,1054
2344,3765,2025-04-07 14:55:00,C,1077
2345,3768,2025-07-16 09:21:00,A,310
2346,3769,2023-04-19 11:36:00,A,512
2347,3772,2025-01-13 09:15:00,C,403
2348,3774,2026-06-30 14:18:00,A,1119
2349,3775,2024-03-17 10:13:00,C,1156
2350,3778,2023-12-06 14:55:00,C,899
2351,3781,2025-11-02 09:18:00,A,192
2352,3782,2026-01-02 09:18:00,A,728
2353,3783,2026-06-30 13:28:00,C,792
2354,3784,2024-05-04 14:07:00,A,937
2355,3785,2024-09-01 12:18:00,C,1129
2356,3786,2024-10-12 13:56:00,A,884
2357,3787,2026-04-22 10:19:00,C,86
2358,3790,2024-06-02 16:45:00,B,262
2359,3791,2024-07-01 16:37:00,C,1059
2360,3792,2023-08-07 16:47:00,A,108
2361,3793,2024-10-05 09:23:00,A,976
2362,3797,2023-09-29 13:53:00,C,1088
2363,3798,2024-10-10 15:19:00,B,35
2364,3799,2024-08-23 12:08:00,A,1111
2365,3800,2025-08-06 13:15:00,A,473
2366,3802,2024-07-05 11:23:00,A,737
2367,3803,2024-03-14 09:30:00,A,313
2368,3804,2026-06-19 09:53:00,C,833
2369,3805,2023-08-22 12:00:00,A,102
2370,3806,2026-06-26 15:39:00,C,835
2371,3807,2023-09-09 15:28:00,A,248
2372,3808,2025-02-16 10:11:00,C,855
2373,3809,2026-06-30 13:38:00,C,909
2374,3810,2025-06-19 10:22:00,A,351
2375,3811,2023-07-29 16:03:00,A,1004
2376,3812,2024-08-11 16:41:00,C,469
2377,3813,2023-08-16 15:49:00,A,216
2378,3815,2026-02-01 16:23:00,A,973
2379,3816,2026-04-27 14:21:00,A,833
2380,3818,2023-08-11 12:25:00,A,181
2381,3819,2026-06-30 12:24:00,C,957
2382,3820,2025-08-03 10:58:00,A,1159
2383,3821,2025-12-08 16:19:00,A,422
2384,3824,2023-08-04 10:45:00,A,348
2385,3826,2024-02-11 12:10:00,A,575
2386,3828,2026-05-10 17:21:00,A,1177
2387,3829,2023-07-16 16:12:00,A,230
2388,3831,2023-07-09 16:31:00,A,975
2389,3833,2026-06-30 16:08:00,A,646
2390,3834,2025-08-12 12:42:00,B,1004
2391,3835,2025-05-28 16:01:00,A,749
2392,3837,2024-11-08 11:35:00,A,884
2393,3838,2023-08-18 13:08:00,C,148
2394,3839,2023-09-04 10:39:00,A,755
2395,3840,2024-05-16 09:57:00,C,1142
2396,3843,2025-09-22 16:40:00,A,1153
2397,3845,2025-08-05 16:04:00,A,248
2398,3846,2025-08-19 12:24:00,A,177
2399,3847,2026-06-30 10:39:00,C,94
2400,3849,2023-11-09 09:27:00,C,76
2401,3852,2023-12-22 11:26:00,B,442
2402,3853,2024-09-02 16:03:00,A,514
2403,3856,2023-09-21 10:21:00,A,1154
2404,3858,2023-10-11 09:56:00,B,923
2405,3859,2024-10-08 12:20:00,A,687
2406,3861,2023-08-12 11:52:00,A,829
2407,3863,2025-05-10 11:55:00,A,1093
2408,3866,2023-10-05 09:02:00,A,1168
2409,3867,2025-11-06 14:35:00,A,608
2410,3868,2023-03-07 11:39:00,C,81
2411,3870,2025-07-01 09:32:00,A,644
2412,3873,2026-06-30 14:27:00,A,541
2413,3875,2024-09-03 17:27:00,A,646
2414,3877,2023-08-08 13:33:00,A,635
2415,3879,2023-11-23 17:01:00,A,1192
2416,3880,2026-06-30 15:17:00,B,833
2417,3881,2026-06-30 10:54:00,B,711
2418,3882,2026-02-07 12:24:00,A,148
2419,3884,2026-06-30 11:19:00,C,1158
2420,3885,2025-09-18 14:57:00,A,293
2421,3886,2023-10-23 13:11:00,C,73
2422,3888,2024-11-29 17:19:00,A,564
2423,3891,2025-06-22 09:24:00,A,971
2424,3892,2024-08-09 17:47:00,A,102
2425,3893,2023-10-23 14:09:00,B,782
2426,3894,2024-06-27 09:24:00,A,868
2427,3895,2024-08-03 13:03:00,A,937
2428,3896,2023-12-12 13:04:00,A,130
2429,3897,2026-01-20 15:16:00,A,387
2430,3898,2025-03-21 10:37:00,A,1158
2431,3900,2025-11-29 15:44:00,C,585
2432,3901,2024-05-14 16:45:00,A,1172
2433,3903,2023-12-05 17:21:00,A,441
2434,3904,2025-05-19 17:28:00,A,652
2435,3905,2025-03-03 16:07:00,A,262
2436,3906,2024-06-26 11:05:00,A,32
2437,3907,2024-12-06 09:58:00,A,687
2438,3908,2024-05-21 10:06:00,A,73
2439,3909,2023-06-26 12:41:00,A,975
2440,3910,2023-08-26 09:31:00,A,988
2441,3911,2024-07-20 12:24:00,A,723
2442,3912,2025-11-17 15:42:00,A,8
2443,3913,2026-06-30 13:57:00,A,702
2444,3914,2025-01-10 17:08:00,A,687
2445,3917,2023-05-03 09:16:00,A,786
2446,3918,2024-08-29 10:59:00,A,545
2447,3919,2024-11-16 11:34:00,A,986
2448,3920,2025-11-21 15:43:00,A,500
2449,3921,2024-09-14 09:16:00,A,375
2450,3922,2025-02-28 16:19:00,A,475
2451,3923,2025-12-02 11:25:00,A,529
2452,3929,2024-07-30 13:02:00,A,986
2453,3931,2024-08-19 13:52:00,A,959
2454,3932,2026-06-30 10:52:00,A,314
2455,3933,2023-03-23 15:24:00,A,249
2456,3935,2025-09-24 14:38:00,A,986
2457,3936,2023-12-10 16:21:00,C,260
2458,3937,2024-09-08 16:55:00,A,725
2459,3939,2026-06-30 10:02:00,A,396
2460,3940,2025-08-11 14:26:00,C,458
2461,3941,2024-05-08 17:38:00,A,513
2462,3942,2024-06-08 16:19:00,B,900
2463,3943,2024-10-09 15:17:00,A,687
2464,3945,2024-12-03 15:25:00,A,63
2465,3946,2023-07-31 12:20:00,B,1079
2466,3947,2025-10-04 17:53:00,C,393
2467,3948,2024-09-24 12:53:00,A,899
2468,3949,2024-07-15 16:44:00,A,1100
2469,3951,2023-08-07 14:43:00,A,1199
2470,3952,2026-06-30 09:11:00,A,1059
2471,3953,2026-06-30 13:22:00,A,230
2472,3955,2025-04-18 12:31:00,A,278
2473,3958,2023-10-16 11:05:00,A,1155
2474,3959,2025-08-01 16:18:00,B,792
2475,3960,2026-06-30 09:31:00,C,55
2476,3961,2026-05-23 10:38:00,C,526
2477,3962,2026-01-12 15:57:00,B,755
2478,3963,2023-05-11 12:56:00,A,494
2479,3967,2024-08-14 11:49:00,A,4
2480,3969,2023-06-07 13:43:00,A,308
2481,3970,2026-06-30 13:26:00,A,1002
2482,3973,2023-06-05 09:25:00,A,430
2483,3974,2025-08-20 12:06:00,A,866
2484,3979,2023-10-01 11:01:00,A,955
2485,3981,2025-11-01 12:50:00,A,955
2486,3982,2025-05-21 14:43:00,B,1114
2487,3984,2024-01-21 13:11:00,B,936
2488,3985,2024-06-12 14:57:00,A,833
2489,3986,2025-07-18 09:37:00,C,941
2490,3987,2025-09-28 17:16:00,A,57
2491,3988,2026-06-30 14:20:00,A,191
2492,3989,2023-06-04 16:22:00,C,876
2493,3990,2023-03-07 11:31:00,A,876
2494,3991,2023-11-02 09:20:00,A,897
2495,3992,2025-08-12 10:09:00,A,30
2496,3993,2025-07-31 16:16:00,C,1129
2497,3995,2023-07-24 10:16:00,A,877
2498,3996,2026-02-01 17:04:00,A,423
2499,3997,2024-01-09 12:58:00,A,67
2500,3999,2023-09-17 15:09:00,C,1146
2501,4000,2024-10-16 12:05:00,A,745
