JunctionID,ArrestSurrenderID,AccusedMasterID
1,1,1
2,2,3
3,3,4
4,4,5
5,5,6
6,6,7
7,7,8
8,8,9
9,9,10
10,10,11
11,11,12
12,12,13
13,13,15
14,14,16
15,15,18
16,16,19
17,17,21
18,18,22
19,19,24
20,20,25
21,21,26
22,22,34
23,23,35
24,24,36
25,25,38
26,26,45
27,27,46
28,28,48
29,29,49
30,30,50
31,31,52
32,32,54
33,33,57
34,34,58
35,35,59
36,36,60
37,37,61
38,38,62
39,39,64
40,40,70
41,41,72
42,42,74
43,43,77
44,44,79
45,45,80
46,46,82
47,47,84
48,48,85
49,49,87
50,50,90
51,51,92
52,52,93
53,53,95
54,54,97
55,55,98
56,56,99
57,57,100
58,58,101
59,59,102
60,60,104
61,61,105
62,62,115
63,63,118
64,64,119
65,65,121
66,66,123
67,67,125
68,68,127
69,69,130
70,70,131
71,71,132
72,72,135
73,73,136
74,74,137
75,75,139
76,76,140
77,77,141
78,78,142
79,79,143
80,80,147
81,81,149
82,82,150
83,83,151
84,84,154
85,85,155
86,86,156
87,87,158
88,88,159
89,89,160
90,90,162
91,91,164
92,92,165
93,93,168
94,94,169
95,95,170
96,96,171
97,97,174
98,98,175
99,99,178
100,100,179
101,101,180
102,102,181
103,103,182
104,104,183
105,105,184
106,106,188
107,107,189
108,108,191
109,109,194
110,110,195
111,111,196
112,112,197
113,113,198
114,114,200
115,115,204
116,116,210
117,117,212
118,118,213
119,119,216
120,120,218
121,121,219
122,122,220
123,123,221
124,124,222
125,125,224
126,126,225
127,127,227
128,128,229
129,129,230
130,130,231
131,131,233
132,132,234
133,133,235
134,134,237
135,135,241
136,136,244
137,137,245
138,138,246
139,139,247
140,140,248
141,141,249
142,142,252
143,143,253
144,144,254
145,145,256
146,146,257
147,147,258
148,148,261
149,149,262
150,150,267
151,151,270
152,152,271
153,153,272
154,154,276
155,155,279
156,156,280
157,157,281
158,158,283
159,159,284
160,160,285
161,161,287
162,162,288
163,163,289
164,164,291
165,165,292
166,166,293
167,167,294
168,168,295
169,169,296
170,170,297
171,171,298
172,172,300
173,173,302
174,174,303
175,175,305
176,176,306
177,177,308
178,178,309
179,179,311
180,180,312
181,181,314
182,182,316
183,183,320
184,184,321
185,185,322
186,186,325
187,187,327
188,188,331
189,189,332
190,190,334
191,191,335
192,192,337
193,193,339
194,194,340
195,195,344
196,196,345
197,197,347
198,198,348
199,199,349
200,200,350
201,201,351
202,202,354
203,203,356
204,204,357
205,205,358
206,206,359
207,207,362
208,208,363
209,209,366
210,210,367
211,211,368
212,212,369
213,213,370
214,214,372
215,215,378
216,216,381
217,217,382
218,218,383
219,219,384
220,220,385
221,221,390
222,222,391
223,223,392
224,224,394
225,225,395
226,226,396
227,227,398
228,228,400
229,229,401
230,230,402
231,231,403
232,232,405
233,233,407
234,234,408
235,235,410
236,236,411
237,237,412
238,238,414
239,239,415
240,240,416
241,241,417
242,242,418
243,243,419
244,244,422
245,245,425
246,246,430
247,247,432
248,248,433
249,249,435
250,250,437
251,251,438
252,252,439
253,253,441
254,254,442
255,255,443
256,256,444
257,257,445
258,258,448
259,259,449
260,260,450
261,261,455
262,262,456
263,263,458
264,264,459
265,265,460
266,266,462
267,267,463
268,268,468
269,269,471
270,270,472
271,271,474
272,272,476
273,273,478
274,274,480
275,275,481
276,276,482
277,277,483
278,278,486
279,279,487
280,280,488
281,281,489
282,282,490
283,283,491
284,284,493
285,285,494
286,286,495
287,287,496
288,288,499
289,289,500
290,290,501
291,291,502
292,292,503
293,293,505
294,294,507
295,295,508
296,296,509
297,297,510
298,298,512
299,299,516
300,300,518
301,301,519
302,302,520
303,303,521
304,304,523
305,305,525
306,306,527
307,307,528
308,308,529
309,309,531
310,310,532
311,311,533
312,312,534
313,313,536
314,314,537
315,315,538
316,316,539
317,317,540
318,318,541
319,319,543
320,320,545
321,321,546
322,322,547
323,323,548
324,324,549
325,325,552
326,326,553
327,327,554
328,328,555
329,329,556
330,330,557
331,331,558
332,332,560
333,333,561
334,334,563
335,335,565
336,336,567
337,337,568
338,338,569
339,339,570
340,340,571
341,341,572
342,342,577
343,343,578
344,344,579
345,345,580
346,346,582
347,347,583
348,348,588
349,349,590
350,350,591
351,351,592
352,352,593
353,353,595
354,354,596
355,355,597
356,356,599
357,357,602
358,358,604
359,359,605
360,360,606
361,361,608
362,362,610
363,363,613
364,364,614
365,365,620
366,366,622
367,367,624
368,368,628
369,369,629
370,370,630
371,371,631
372,372,635
373,373,639
374,374,641
375,375,642
376,376,643
377,377,645
378,378,646
379,379,648
380,380,650
381,381,654
382,382,656
383,383,657
384,384,658
385,385,659
386,386,660
387,387,662
388,388,663
389,389,664
390,390,665
391,391,667
392,392,668
393,393,671
394,394,673
395,395,675
396,396,679
397,397,680
398,398,681
399,399,682
400,400,687
401,401,688
402,402,689
403,403,690
404,404,691
405,405,696
406,406,697
407,407,698
408,408,699
409,409,700
410,410,702
411,411,704
412,412,707
413,413,710
414,414,713
415,415,717
416,416,718
417,417,719
418,418,720
419,419,721
420,420,722
421,421,725
422,422,726
423,423,729
424,424,736
425,425,737
426,426,738
427,427,739
428,428,740
429,429,742
430,430,745
431,431,746
432,432,747
433,433,748
434,434,749
435,435,753
436,436,754
437,437,757
438,438,758
439,439,759
440,440,760
441,441,765
442,442,766
443,443,768
444,444,769
445,445,771
446,446,773
447,447,774
448,448,778
449,449,781
450,450,783
451,451,784
452,452,785
453,453,787
454,454,788
455,455,793
456,456,796
457,457,797
458,458,798
459,459,802
460,460,803
461,461,805
462,462,808
463,463,809
464,464,811
465,465,812
466,466,813
467,467,814
468,468,817
469,469,819
470,470,823
471,471,825
472,472,829
473,473,837
474,474,838
475,475,840
476,476,841
477,477,843
478,478,849
479,479,850
480,480,852
481,481,855
482,482,856
483,483,857
484,484,859
485,485,860
486,486,861
487,487,863
488,488,864
489,489,867
490,490,869
491,491,870
492,492,871
493,493,872
494,494,873
495,495,874
496,496,875
497,497,876
498,498,881
499,499,882
500,500,883
501,501,884
502,502,885
503,503,886
504,504,887
505,505,889
506,506,892
507,507,894
508,508,896
509,509,897
510,510,898
511,511,899
512,512,902
513,513,904
514,514,905
515,515,907
516,516,908
517,517,913
518,518,919
519,519,920
520,520,922
521,521,923
522,522,924
523,523,926
524,524,927
525,525,928
526,526,929
527,527,931
528,528,932
529,529,935
530,530,936
531,531,937
532,532,938
533,533,939
534,534,940
535,535,941
536,536,942
537,537,943
538,538,944
539,539,948
540,540,949
541,541,950
542,542,951
543,543,954
544,544,955
545,545,956
546,546,957
547,547,960
548,548,961
549,549,962
550,550,963
551,551,964
552,552,965
553,553,966
554,554,968
555,555,970
556,556,971
557,557,972
558,558,973
559,559,974
560,560,975
561,561,976
562,562,982
563,563,983
564,564,985
565,565,986
566,566,988
567,567,990
568,568,994
569,569,996
570,570,997
571,571,998
572,572,1000
573,573,1002
574,574,1003
575,575,1005
576,576,1006
577,577,1008
578,578,1010
579,579,1013
580,580,1014
581,581,1015
582,582,1017
583,583,1019
584,584,1021
585,585,1024
586,586,1026
587,587,1027
588,588,1028
589,589,1030
590,590,1032
591,591,1033
592,592,1035
593,593,1039
594,594,1041
595,595,1042
596,596,1043
597,597,1044
598,598,1046
599,599,1047
600,600,1049
601,601,1051
602,602,1053
603,603,1054
604,604,1055
605,605,1056
606,606,1057
607,607,1058
608,608,1060
609,609,1065
610,610,1066
611,611,1067
612,612,1068
613,613,1069
614,614,1072
615,615,1074
616,616,1076
617,617,1079
618,618,1080
619,619,1083
620,620,1085
621,621,1086
622,622,1087
623,623,1088
624,624,1090
625,625,1092
626,626,1093
627,627,1097
628,628,1099
629,629,1100
630,630,1101
631,631,1106
632,632,1107
633,633,1108
634,634,1109
635,635,1111
636,636,1112
637,637,1114
638,638,1118
639,639,1119
640,640,1120
641,641,1123
642,642,1125
643,643,1126
644,644,1127
645,645,1129
646,646,1130
647,647,1132
648,648,1134
649,649,1135
650,650,1136
651,651,1137
652,652,1140
653,653,1142
654,654,1144
655,655,1146
656,656,1147
657,657,1149
658,658,1150
659,659,1151
660,660,1153
661,661,1154
662,662,1155
663,663,1156
664,664,1157
665,665,1159
666,666,1160
667,667,1163
668,668,1167
669,669,1169
670,670,1170
671,671,1171
672,672,1172
673,673,1173
674,674,1174
675,675,1175
676,676,1176
677,677,1177
678,678,1178
679,679,1179
680,680,1184
681,681,1186
682,682,1187
683,683,1188
684,684,1190
685,685,1193
686,686,1197
687,687,1201
688,688,1205
689,689,1208
690,690,1210
691,691,1215
692,692,1216
693,693,1217
694,694,1219
695,695,1221
696,696,1223
697,697,1226
698,698,1227
699,699,1228
700,700,1229
701,701,1231
702,702,1232
703,703,1233
704,704,1234
705,705,1235
706,706,1237
707,707,1238
708,708,1241
709,709,1244
710,710,1246
711,711,1247
712,712,1249
713,713,1253
714,714,1256
715,715,1257
716,716,1261
717,717,1263
718,718,1264
719,719,1267
720,720,1269
721,721,1270
722,722,1271
723,723,1272
724,724,1273
725,725,1276
726,726,1280
727,727,1281
728,728,1285
729,729,1287
730,730,1288
731,731,1290
732,732,1291
733,733,1292
734,734,1293
735,735,1294
736,736,1297
737,737,1298
738,738,1300
739,739,1303
740,740,1304
741,741,1305
742,742,1306
743,743,1307
744,744,1308
745,745,1310
746,746,1311
747,747,1313
748,748,1315
749,749,1316
750,750,1318
751,751,1319
752,752,1321
753,753,1322
754,754,1323
755,755,1328
756,756,1329
757,757,1331
758,758,1336
759,759,1337
760,760,1340
761,761,1341
762,762,1342
763,763,1344
764,764,1345
765,765,1346
766,766,1352
767,767,1354
768,768,1355
769,769,1356
770,770,1359
771,771,1362
772,772,1365
773,773,1370
774,774,1371
775,775,1373
776,776,1376
777,777,1379
778,778,1381
779,779,1382
780,780,1383
781,781,1384
782,782,1385
783,783,1390
784,784,1393
785,785,1395
786,786,1397
787,787,1399
788,788,1400
789,789,1401
790,790,1408
791,791,1409
792,792,1412
793,793,1413
794,794,1418
795,795,1419
796,796,1420
797,797,1421
798,798,1423
799,799,1424
800,800,1427
801,801,1429
802,802,1430
803,803,1431
804,804,1432
805,805,1435
806,806,1436
807,807,1440
808,808,1441
809,809,1445
810,810,1446
811,811,1448
812,812,1450
813,813,1451
814,814,1453
815,815,1454
816,816,1455
817,817,1456
818,818,1460
819,819,1461
820,820,1462
821,821,1463
822,822,1464
823,823,1468
824,824,1474
825,825,1475
826,826,1477
827,827,1481
828,828,1483
829,829,1484
830,830,1486
831,831,1487
832,832,1488
833,833,1489
834,834,1492
835,835,1495
836,836,1498
837,837,1499
838,838,1500
839,839,1502
840,840,1503
841,841,1505
842,842,1506
843,843,1508
844,844,1509
845,845,1513
846,846,1515
847,847,1516
848,848,1517
849,849,1521
850,850,1522
851,851,1523
852,852,1524
853,853,1525
854,854,1526
855,855,1531
856,856,1532
857,857,1533
858,858,1536
859,859,1537
860,860,1538
861,861,1540
862,862,1542
863,863,1543
864,864,1544
865,865,1545
866,866,1547
867,867,1548
868,868,1552
869,869,1554
870,870,1555
871,871,1558
872,872,1559
873,873,1563
874,874,1565
875,875,1567
876,876,1568
877,877,1569
878,878,1571
879,879,1574
880,880,1575
881,881,1577
882,882,1578
883,883,1580
884,884,1581
885,885,1582
886,886,1583
887,887,1584
888,888,1585
889,889,1586
890,890,1588
891,891,1589
892,892,1591
893,893,1593
894,894,1595
895,895,1596
896,896,1597
897,897,1598
898,898,1599
899,899,1601
900,900,1603
901,901,1604
902,902,1605
903,903,1606
904,904,1607
905,905,1612
906,906,1616
907,907,1618
908,908,1620
909,909,1622
910,910,1623
911,911,1624
912,912,1627
913,913,1629
914,914,1631
915,915,1632
916,916,1633
917,917,1635
918,918,1637
919,919,1639
920,920,1641
921,921,1643
922,922,1644
923,923,1645
924,924,1646
925,925,1647
926,926,1648
927,927,1649
928,928,1650
929,929,1651
930,930,1653
931,931,1654
932,932,1657
933,933,1658
934,934,1659
935,935,1660
936,936,1662
937,937,1664
938,938,1668
939,939,1672
940,940,1673
941,941,1674
942,942,1676
943,943,1677
944,944,1679
945,945,1680
946,946,1682
947,947,1686
948,948,1687
949,949,1695
950,950,1696
951,951,1697
952,952,1701
953,953,1702
954,954,1703
955,955,1704
956,956,1706
957,957,1708
958,958,1710
959,959,1712
960,960,1713
961,961,1714
962,962,1715
963,963,1716
964,964,1717
965,965,1721
966,966,1725
967,967,1726
968,968,1727
969,969,1733
970,970,1734
971,971,1739
972,972,1740
973,973,1741
974,974,1742
975,975,1744
976,976,1745
977,977,1748
978,978,1750
979,979,1751
980,980,1752
981,981,1754
982,982,1756
983,983,1757
984,984,1758
985,985,1759
986,986,1760
987,987,1762
988,988,1766
989,989,1767
990,990,1769
991,991,1770
992,992,1771
993,993,1777
994,994,1778
995,995,1780
996,996,1782
997,997,1783
998,998,1785
999,999,1789
1000,1000,1791
1001,1001,1792
1002,1002,1793
1003,1003,1798
1004,1004,1799
1005,1005,1801
1006,1006,1804
1007,1007,1809
1008,1008,1812
1009,1009,1813
1010,1010,1814
1011,1011,1815
1012,1012,1817
1013,1013,1818
1014,1014,1819
1015,1015,1820
1016,1016,1821
1017,1017,1822
1018,1018,1824
1019,1019,1825
1020,1020,1828
1021,1021,1829
1022,1022,1833
1023,1023,1835
1024,1024,1836
1025,1025,1837
1026,1026,1840
1027,1027,1844
1028,1028,1846
1029,1029,1847
1030,1030,1848
1031,1031,1850
1032,1032,1851
1033,1033,1852
1034,1034,1853
1035,1035,1858
1036,1036,1860
1037,1037,1861
1038,1038,1863
1039,1039,1864
1040,1040,1865
1041,1041,1866
1042,1042,1867
1043,1043,1868
1044,1044,1869
1045,1045,1870
1046,1046,1871
1047,1047,1872
1048,1048,1873
1049,1049,1874
1050,1050,1881
1051,1051,1885
1052,1052,1886
1053,1053,1888
1054,1054,1889
1055,1055,1890
1056,1056,1891
1057,1057,1892
1058,1058,1895
1059,1059,1897
1060,1060,1898
1061,1061,1900
1062,1062,1902
1063,1063,1903
1064,1064,1904
1065,1065,1905
1066,1066,1907
1067,1067,1908
1068,1068,1909
1069,1069,1910
1070,1070,1911
1071,1071,1912
1072,1072,1915
1073,1073,1916
1074,1074,1917
1075,1075,1918
1076,1076,1920
1077,1077,1921
1078,1078,1923
1079,1079,1925
1080,1080,1929
1081,1081,1930
1082,1082,1932
1083,1083,1935
1084,1084,1938
1085,1085,1940
1086,1086,1942
1087,1087,1944
1088,1088,1945
1089,1089,1946
1090,1090,1947
1091,1091,1950
1092,1092,1951
1093,1093,1952
1094,1094,1954
1095,1095,1955
1096,1096,1960
1097,1097,1961
1098,1098,1962
1099,1099,1964
1100,1100,1966
1101,1101,1967
1102,1102,1968
1103,1103,1971
1104,1104,1973
1105,1105,1975
1106,1106,1976
1107,1107,1978
1108,1108,1980
1109,1109,1981
1110,1110,1982
1111,1111,1983
1112,1112,1984
1113,1113,1985
1114,1114,1990
1115,1115,1994
1116,1116,1995
1117,1117,1997
1118,1118,2002
1119,1119,2003
1120,1120,2004
1121,1121,2005
1122,1122,2006
1123,1123,2007
1124,1124,2010
1125,1125,2013
1126,1126,2014
1127,1127,2015
1128,1128,2016
1129,1129,2019
1130,1130,2020
1131,1131,2021
1132,1132,2022
1133,1133,2023
1134,1134,2024
1135,1135,2026
1136,1136,2027
1137,1137,2030
1138,1138,2031
1139,1139,2032
1140,1140,2035
1141,1141,2036
1142,1142,2040
1143,1143,2045
1144,1144,2046
1145,1145,2047
1146,1146,2048
1147,1147,2049
1148,1148,2052
1149,1149,2053
1150,1150,2054
1151,1151,2055
1152,1152,2057
1153,1153,2060
1154,1154,2061
1155,1155,2062
1156,1156,2064
1157,1157,2065
1158,1158,2066
1159,1159,2067
1160,1160,2068
1161,1161,2071
1162,1162,2076
1163,1163,2078
1164,1164,2080
1165,1165,2082
1166,1166,2084
1167,1167,2085
1168,1168,2087
1169,1169,2088
1170,1170,2089
1171,1171,2090
1172,1172,2091
1173,1173,2095
1174,1174,2099
1175,1175,2100
1176,1176,2101
1177,1177,2102
1178,1178,2103
1179,1179,2105
1180,1180,2106
1181,1181,2107
1182,1182,2109
1183,1183,2110
1184,1184,2111
1185,1185,2114
1186,1186,2116
1187,1187,2119
1188,1188,2120
1189,1189,2121
1190,1190,2126
1191,1191,2129
1192,1192,2130
1193,1193,2131
1194,1194,2132
1195,1195,2134
1196,1196,2136
1197,1197,2137
1198,1198,2138
1199,1199,2140
1200,1200,2141
1201,1201,2142
1202,1202,2144
1203,1203,2145
1204,1204,2147
1205,1205,2148
1206,1206,2150
1207,1207,2152
1208,1208,2153
1209,1209,2155
1210,1210,2156
1211,1211,2157
1212,1212,2161
1213,1213,2162
1214,1214,2166
1215,1215,2167
1216,1216,2171
1217,1217,2172
1218,1218,2173
1219,1219,2174
1220,1220,2177
1221,1221,2178
1222,1222,2180
1223,1223,2183
1224,1224,2184
1225,1225,2185
1226,1226,2187
1227,1227,2188
1228,1228,2190
1229,1229,2191
1230,1230,2192
1231,1231,2193
1232,1232,2195
1233,1233,2196
1234,1234,2198
1235,1235,2201
1236,1236,2202
1237,1237,2203
1238,1238,2204
1239,1239,2207
1240,1240,2208
1241,1241,2214
1242,1242,2215
1243,1243,2219
1244,1244,2222
1245,1245,2223
1246,1246,2226
1247,1247,2227
1248,1248,2228
1249,1249,2229
1250,1250,2230
1251,1251,2231
1252,1252,2233
1253,1253,2234
1254,1254,2237
1255,1255,2238
1256,1256,2239
1257,1257,2242
1258,1258,2243
1259,1259,2245
1260,1260,2249
1261,1261,2251
1262,1262,2252
1263,1263,2255
1264,1264,2256
1265,1265,2260
1266,1266,2261
1267,1267,2262
1268,1268,2263
1269,1269,2264
1270,1270,2265
1271,1271,2269
1272,1272,2271
1273,1273,2272
1274,1274,2273
1275,1275,2274
1276,1276,2275
1277,1277,2277
1278,1278,2278
1279,1279,2279
1280,1280,2280
1281,1281,2288
1282,1282,2289
1283,1283,2291
1284,1284,2292
1285,1285,2293
1286,1286,2294
1287,1287,2295
1288,1288,2296
1289,1289,2297
1290,1290,2298
1291,1291,2300
1292,1292,2303
1293,1293,2305
1294,1294,2306
1295,1295,2307
1296,1296,2309
1297,1297,2311
1298,1298,2312
1299,1299,2313
1300,1300,2314
1301,1301,2316
1302,1302,2317
1303,1303,2318
1304,1304,2319
1305,1305,2322
1306,1306,2323
1307,1307,2325
1308,1308,2326
1309,1309,2327
1310,1310,2328
1311,1311,2332
1312,1312,2333
1313,1313,2334
1314,1314,2335
1315,1315,2336
1316,1316,2338
1317,1317,2344
1318,1318,2345
1319,1319,2347
1320,1320,2350
1321,1321,2359
1322,1322,2360
1323,1323,2362
1324,1324,2363
1325,1325,2364
1326,1326,2367
1327,1327,2370
1328,1328,2371
1329,1329,2373
1330,1330,2375
1331,1331,2376
1332,1332,2377
1333,1333,2378
1334,1334,2382
1335,1335,2384
1336,1336,2385
1337,1337,2386
1338,1338,2387
1339,1339,2389
1340,1340,2392
1341,1341,2396
1342,1342,2397
1343,1343,2400
1344,1344,2403
1345,1345,2404
1346,1346,2406
1347,1347,2407
1348,1348,2408
1349,1349,2409
1350,1350,2411
1351,1351,2412
1352,1352,2415
1353,1353,2417
1354,1354,2421
1355,1355,2422
1356,1356,2427
1357,1357,2430
1358,1358,2431
1359,1359,2433
1360,1360,2434
1361,1361,2435
1362,1362,2436
1363,1363,2437
1364,1364,2439
1365,1365,2441
1366,1366,2443
1367,1367,2444
1368,1368,2445
1369,1369,2449
1370,1370,2451
1371,1371,2453
1372,1372,2454
1373,1373,2458
1374,1374,2460
1375,1375,2463
1376,1376,2464
1377,1377,2465
1378,1378,2466
1379,1379,2468
1380,1380,2469
1381,1381,2470
1382,1382,2471
1383,1383,2473
1384,1384,2475
1385,1385,2477
1386,1386,2478
1387,1387,2480
1388,1388,2482
1389,1389,2484
1390,1390,2487
1391,1391,2490
1392,1392,2491
1393,1393,2496
1394,1394,2497
1395,1395,2502
1396,1396,2503
1397,1397,2504
1398,1398,2505
1399,1399,2506
1400,1400,2507
1401,1401,2510
1402,1402,2514
1403,1403,2516
1404,1404,2517
1405,1405,2518
1406,1406,2519
1407,1407,2520
1408,1408,2521
1409,1409,2522
1410,1410,2523
1411,1411,2524
1412,1412,2529
1413,1413,2532
1414,1414,2536
1415,1415,2537
1416,1416,2538
1417,1417,2539
1418,1418,2540
1419,1419,2541
1420,1420,2542
1421,1421,2543
1422,1422,2545
1423,1423,2546
1424,1424,2548
1425,1425,2551
1426,1426,2553
1427,1427,2554
1428,1428,2555
1429,1429,2556
1430,1430,2557
1431,1431,2558
1432,1432,2559
1433,1433,2560
1434,1434,2562
1435,1435,2565
1436,1436,2566
1437,1437,2567
1438,1438,2574
1439,1439,2577
1440,1440,2578
1441,1441,2582
1442,1442,2583
1443,1443,2585
1444,1444,2586
1445,1445,2587
1446,1446,2590
1447,1447,2592
1448,1448,2593
1449,1449,2594
1450,1450,2595
1451,1451,2596
1452,1452,2609
1453,1453,2610
1454,1454,2611
1455,1455,2614
1456,1456,2615
1457,1457,2616
1458,1458,2617
1459,1459,2618
1460,1460,2619
1461,1461,2620
1462,1462,2623
1463,1463,2624
1464,1464,2626
1465,1465,2627
1466,1466,2631
1467,1467,2634
1468,1468,2636
1469,1469,2639
1470,1470,2640
1471,1471,2642
1472,1472,2643
1473,1473,2646
1474,1474,2647
1475,1475,2660
1476,1476,2661
1477,1477,2663
1478,1478,2665
1479,1479,2666
1480,1480,2667
1481,1481,2668
1482,1482,2669
1483,1483,2676
1484,1484,2679
1485,1485,2680
1486,1486,2686
1487,1487,2688
1488,1488,2689
1489,1489,2691
1490,1490,2692
1491,1491,2694
1492,1492,2695
1493,1493,2696
1494,1494,2698
1495,1495,2699
1496,1496,2701
1497,1497,2703
1498,1498,2707
1499,1499,2708
1500,1500,2711
1501,1501,2712
1502,1502,2713
1503,1503,2714
1504,1504,2716
1505,1505,2719
1506,1506,2721
1507,1507,2723
1508,1508,2726
1509,1509,2727
1510,1510,2728
1511,1511,2729
1512,1512,2734
1513,1513,2736
1514,1514,2737
1515,1515,2738
1516,1516,2739
1517,1517,2743
1518,1518,2745
1519,1519,2747
1520,1520,2749
1521,1521,2751
1522,1522,2754
1523,1523,2756
1524,1524,2758
1525,1525,2759
1526,1526,2762
1527,1527,2763
1528,1528,2764
1529,1529,2766
1530,1530,2769
1531,1531,2772
1532,1532,2776
1533,1533,2780
1534,1534,2783
1535,1535,2784
1536,1536,2785
1537,1537,2786
1538,1538,2788
1539,1539,2790
1540,1540,2791
1541,1541,2793
1542,1542,2794
1543,1543,2796
1544,1544,2798
1545,1545,2800
1546,1546,2801
1547,1547,2802
1548,1548,2804
1549,1549,2806
1550,1550,2807
1551,1551,2808
1552,1552,2813
1553,1553,2816
1554,1554,2818
1555,1555,2820
1556,1556,2823
1557,1557,2825
1558,1558,2826
1559,1559,2827
1560,1560,2829
1561,1561,2831
1562,1562,2832
1563,1563,2834
1564,1564,2837
1565,1565,2838
1566,1566,2841
1567,1567,2842
1568,1568,2843
1569,1569,2848
1570,1570,2849
1571,1571,2850
1572,1572,2851
1573,1573,2855
1574,1574,2856
1575,1575,2858
1576,1576,2863
1577,1577,2864
1578,1578,2865
1579,1579,2866
1580,1580,2867
1581,1581,2868
1582,1582,2871
1583,1583,2872
1584,1584,2873
1585,1585,2874
1586,1586,2875
1587,1587,2876
1588,1588,2878
1589,1589,2879
1590,1590,2883
1591,1591,2884
1592,1592,2885
1593,1593,2886
1594,1594,2887
1595,1595,2888
1596,1596,2889
1597,1597,2890
1598,1598,2892
1599,1599,2896
1600,1600,2898
1601,1601,2900
1602,1602,2901
1603,1603,2904
1604,1604,2905
1605,1605,2906
1606,1606,2908
1607,1607,2909
1608,1608,2910
1609,1609,2911
1610,1610,2912
1611,1611,2913
1612,1612,2914
1613,1613,2916
1614,1614,2922
1615,1615,2923
1616,1616,2928
1617,1617,2930
1618,1618,2931
1619,1619,2934
1620,1620,2935
1621,1621,2936
1622,1622,2937
1623,1623,2938
1624,1624,2939
1625,1625,2941
1626,1626,2942
1627,1627,2945
1628,1628,2946
1629,1629,2947
1630,1630,2950
1631,1631,2953
1632,1632,2954
1633,1633,2958
1634,1634,2959
1635,1635,2962
1636,1636,2964
1637,1637,2965
1638,1638,2966
1639,1639,2968
1640,1640,2971
1641,1641,2974
1642,1642,2975
1643,1643,2976
1644,1644,2979
1645,1645,2982
1646,1646,2983
1647,1647,2985
1648,1648,2991
1649,1649,2992
1650,1650,2993
1651,1651,2998
1652,1652,2999
1653,1653,3001
1654,1654,3002
1655,1655,3006
1656,1656,3007
1657,1657,3009
1658,1658,3010
1659,1659,3013
1660,1660,3014
1661,1661,3016
1662,1662,3021
1663,1663,3023
1664,1664,3024
1665,1665,3026
1666,1666,3027
1667,1667,3029
1668,1668,3030
1669,1669,3031
1670,1670,3032
1671,1671,3033
1672,1672,3034
1673,1673,3035
1674,1674,3037
1675,1675,3038
1676,1676,3039
1677,1677,3042
1678,1678,3046
1679,1679,3052
1680,1680,3053
1681,1681,3054
1682,1682,3055
1683,1683,3059
1684,1684,3067
1685,1685,3068
1686,1686,3069
1687,1687,3071
1688,1688,3075
1689,1689,3076
1690,1690,3078
1691,1691,3080
1692,1692,3087
1693,1693,3089
1694,1694,3090
1695,1695,3092
1696,1696,3094
1697,1697,3095
1698,1698,3097
1699,1699,3101
1700,1700,3104
1701,1701,3105
1702,1702,3108
1703,1703,3110
1704,1704,3113
1705,1705,3114
1706,1706,3115
1707,1707,3116
1708,1708,3117
1709,1709,3118
1710,1710,3119
1711,1711,3120
1712,1712,3121
1713,1713,3125
1714,1714,3127
1715,1715,3133
1716,1716,3135
1717,1717,3137
1718,1718,3138
1719,1719,3142
1720,1720,3143
1721,1721,3144
1722,1722,3145
1723,1723,3146
1724,1724,3147
1725,1725,3148
1726,1726,3149
1727,1727,3150
1728,1728,3151
1729,1729,3153
1730,1730,3157
1731,1731,3158
1732,1732,3162
1733,1733,3163
1734,1734,3165
1735,1735,3169
1736,1736,3170
1737,1737,3171
1738,1738,3172
1739,1739,3174
1740,1740,3175
1741,1741,3178
1742,1742,3179
1743,1743,3180
1744,1744,3181
1745,1745,3183
1746,1746,3184
1747,1747,3185
1748,1748,3187
1749,1749,3196
1750,1750,3200
1751,1751,3202
1752,1752,3203
1753,1753,3204
1754,1754,3207
1755,1755,3208
1756,1756,3209
1757,1757,3211
1758,1758,3215
1759,1759,3216
1760,1760,3220
1761,1761,3222
1762,1762,3223
1763,1763,3227
1764,1764,3228
1765,1765,3229
1766,1766,3230
1767,1767,3231
1768,1768,3232
1769,1769,3234
1770,1770,3235
1771,1771,3236
1772,1772,3237
1773,1773,3239
1774,1774,3241
1775,1775,3242
1776,1776,3244
1777,1777,3246
1778,1778,3249
1779,1779,3253
1780,1780,3254
1781,1781,3256
1782,1782,3257
1783,1783,3258
1784,1784,3261
1785,1785,3263
1786,1786,3264
1787,1787,3267
1788,1788,3271
1789,1789,3272
1790,1790,3274
1791,1791,3276
1792,1792,3277
1793,1793,3279
1794,1794,3280
1795,1795,3281
1796,1796,3282
1797,1797,3288
1798,1798,3289
1799,1799,3291
1800,1800,3295
1801,1801,3296
1802,1802,3298
1803,1803,3299
1804,1804,3300
1805,1805,3302
1806,1806,3304
1807,1807,3305
1808,1808,3306
1809,1809,3307
1810,1810,3308
1811,1811,3310
1812,1812,3311
1813,1813,3312
1814,1814,3314
1815,1815,3315
1816,1816,3316
1817,1817,3317
1818,1818,3318
1819,1819,3319
1820,1820,3320
1821,1821,3322
1822,1822,3326
1823,1823,3327
1824,1824,3330
1825,1825,3336
1826,1826,3339
1827,1827,3340
1828,1828,3342
1829,1829,3345
1830,1830,3346
1831,1831,3347
1832,1832,3348
1833,1833,3349
1834,1834,3352
1835,1835,3353
1836,1836,3356
1837,1837,3358
1838,1838,3361
1839,1839,3365
1840,1840,3366
1841,1841,3368
1842,1842,3370
1843,1843,3382
1844,1844,3383
1845,1845,3384
1846,1846,3385
1847,1847,3387
1848,1848,3389
1849,1849,3392
1850,1850,3393
1851,1851,3394
1852,1852,3396
1853,1853,3398
1854,1854,3399
1855,1855,3400
1856,1856,3401
1857,1857,3402
1858,1858,3405
1859,1859,3407
1860,1860,3408
1861,1861,3409
1862,1862,3414
1863,1863,3418
1864,1864,3421
1865,1865,3422
1866,1866,3427
1867,1867,3430
1868,1868,3432
1869,1869,3435
1870,1870,3438
1871,1871,3439
1872,1872,3440
1873,1873,3441
1874,1874,3443
1875,1875,3444
1876,1876,3445
1877,1877,3446
1878,1878,3449
1879,1879,3450
1880,1880,3451
1881,1881,3452
1882,1882,3453
1883,1883,3454
1884,1884,3455
1885,1885,3456
1886,1886,3457
1887,1887,3461
1888,1888,3462
1889,1889,3463
1890,1890,3466
1891,1891,3470
1892,1892,3471
1893,1893,3473
1894,1894,3478
1895,1895,3482
1896,1896,3485
1897,1897,3486
1898,1898,3488
1899,1899,3491
1900,1900,3492
1901,1901,3493
1902,1902,3495
1903,1903,3497
1904,1904,3502
1905,1905,3503
1906,1906,3504
1907,1907,3508
1908,1908,3510
1909,1909,3511
1910,1910,3514
1911,1911,3516
1912,1912,3519
1913,1913,3523
1914,1914,3524
1915,1915,3526
1916,1916,3527
1917,1917,3528
1918,1918,3531
1919,1919,3533
1920,1920,3534
1921,1921,3538
1922,1922,3543
1923,1923,3544
1924,1924,3545
1925,1925,3546
1926,1926,3548
1927,1927,3552
1928,1928,3556
1929,1929,3557
1930,1930,3561
1931,1931,3562
1932,1932,3564
1933,1933,3566
1934,1934,3570
1935,1935,3572
1936,1936,3573
1937,1937,3574
1938,1938,3575
1939,1939,3576
1940,1940,3578
1941,1941,3582
1942,1942,3585
1943,1943,3587
1944,1944,3590
1945,1945,3591
1946,1946,3592
1947,1947,3593
1948,1948,3594
1949,1949,3595
1950,1950,3598
1951,1951,3599
1952,1952,3603
1953,1953,3604
1954,1954,3605
1955,1955,3606
1956,1956,3607
1957,1957,3609
1958,1958,3613
1959,1959,3614
1960,1960,3615
1961,1961,3617
1962,1962,3618
1963,1963,3621
1964,1964,3622
1965,1965,3624
1966,1966,3625
1967,1967,3628
1968,1968,3630
1969,1969,3633
1970,1970,3634
1971,1971,3635
1972,1972,3636
1973,1973,3637
1974,1974,3638
1975,1975,3641
1976,1976,3642
1977,1977,3643
1978,1978,3645
1979,1979,3646
1980,1980,3649
1981,1981,3650
1982,1982,3654
1983,1983,3655
1984,1984,3656
1985,1985,3657
1986,1986,3660
1987,1987,3661
1988,1988,3662
1989,1989,3663
1990,1990,3665
1991,1991,3666
1992,1992,3667
1993,1993,3668
1994,1994,3670
1995,1995,3672
1996,1996,3673
1997,1997,3675
1998,1998,3678
1999,1999,3679
2000,2000,3683
2001,2001,3684
2002,2002,3686
2003,2003,3687
2004,2004,3690
2005,2005,3691
2006,2006,3692
2007,2007,3695
2008,2008,3696
2009,2009,3697
2010,2010,3699
2011,2011,3700
2012,2012,3703
2013,2013,3705
2014,2014,3708
2015,2015,3711
2016,2016,3712
2017,2017,3713
2018,2018,3714
2019,2019,3717
2020,2020,3718
2021,2021,3719
2022,2022,3724
2023,2023,3726
2024,2024,3729
2025,2025,3730
2026,2026,3732
2027,2027,3734
2028,2028,3736
2029,2029,3739
2030,2030,3740
2031,2031,3741
2032,2032,3742
2033,2033,3744
2034,2034,3745
2035,2035,3747
2036,2036,3748
2037,2037,3752
2038,2038,3753
2039,2039,3754
2040,2040,3755
2041,2041,3756
2042,2042,3757
2043,2043,3758
2044,2044,3760
2045,2045,3761
2046,2046,3762
2047,2047,3763
2048,2048,3764
2049,2049,3765
2050,2050,3767
2051,2051,3768
2052,2052,3772
2053,2053,3773
2054,2054,3778
2055,2055,3780
2056,2056,3782
2057,2057,3783
2058,2058,3784
2059,2059,3785
2060,2060,3787
2061,2061,3790
2062,2062,3791
2063,2063,3793
2064,2064,3795
2065,2065,3796
2066,2066,3797
2067,2067,3798
2068,2068,3799
2069,2069,3801
2070,2070,3802
2071,2071,3803
2072,2072,3807
2073,2073,3808
2074,2074,3810
2075,2075,3813
2076,2076,3814
2077,2077,3815
2078,2078,3816
2079,2079,3817
2080,2080,3818
2081,2081,3820
2082,2082,3821
2083,2083,3822
2084,2084,3823
2085,2085,3825
2086,2086,3826
2087,2087,3827
2088,2088,3828
2089,2089,3829
2090,2090,3830
2091,2091,3832
2092,2092,3833
2093,2093,3835
2094,2094,3836
2095,2095,3841
2096,2096,3843
2097,2097,3845
2098,2098,3846
2099,2099,3849
2100,2100,3851
2101,2101,3852
2102,2102,3856
2103,2103,3857
2104,2104,3859
2105,2105,3860
2106,2106,3861
2107,2107,3863
2108,2108,3865
2109,2109,3866
2110,2110,3867
2111,2111,3870
2112,2112,3871
2113,2113,3874
2114,2114,3875
2115,2115,3876
2116,2116,3877
2117,2117,3878
2118,2118,3879
2119,2119,3884
2120,2120,3886
2121,2121,3887
2122,2122,3888
2123,2123,3889
2124,2124,3891
2125,2125,3895
2126,2126,3897
2127,2127,3898
2128,2128,3899
2129,2129,3900
2130,2130,3902
2131,2131,3904
2132,2132,3905
2133,2133,3906
2134,2134,3907
2135,2135,3909
2136,2136,3910
2137,2137,3912
2138,2138,3913
2139,2139,3915
2140,2140,3916
2141,2141,3918
2142,2142,3919
2143,2143,3920
2144,2144,3924
2145,2145,3929
2146,2146,3930
2147,2147,3931
2148,2148,3935
2149,2149,3936
2150,2150,3938
2151,2151,3939
2152,2152,3943
2153,2153,3944
2154,2154,3945
2155,2155,3947
2156,2156,3949
2157,2157,3950
2158,2158,3952
2159,2159,3954
2160,2160,3958
2161,2161,3961
2162,2162,3963
2163,2163,3965
2164,2164,3966
2165,2165,3967
2166,2166,3968
2167,2167,3970
2168,2168,3971
2169,2169,3972
2170,2170,3973
2171,2171,3975
2172,2172,3976
2173,2173,3977
2174,2174,3978
2175,2175,3980
2176,2176,3981
2177,2177,3983
2178,2178,3984
2179,2179,3985
2180,2180,3988
2181,2181,3990
2182,2182,3993
2183,2183,3995
2184,2184,3997
2185,2185,3999
2186,2186,4000
2187,2187,4001
2188,2188,4002
2189,2189,4003
2190,2190,4005
2191,2191,4009
2192,2192,4010
2193,2193,4012
2194,2194,4016
2195,2195,4017
2196,2196,4018
2197,2197,4023
2198,2198,4026
2199,2199,4027
2200,2200,4028
2201,2201,4029
2202,2202,4033
2203,2203,4034
2204,2204,4036
2205,2205,4037
2206,2206,4038
2207,2207,4039
2208,2208,4040
2209,2209,4041
2210,2210,4043
2211,2211,4044
2212,2212,4045
2213,2213,4051
2214,2214,4052
2215,2215,4054
2216,2216,4055
2217,2217,4057
2218,2218,4058
2219,2219,4060
2220,2220,4062
2221,2221,4064
2222,2222,4065
2223,2223,4066
2224,2224,4068
2225,2225,4069
2226,2226,4070
2227,2227,4071
2228,2228,4074
2229,2229,4075
2230,2230,4076
2231,2231,4078
2232,2232,4079
2233,2233,4080
2234,2234,4081
2235,2235,4083
2236,2236,4084
2237,2237,4087
2238,2238,4089
2239,2239,4092
2240,2240,4096
2241,2241,4099
2242,2242,4100
2243,2243,4101
2244,2244,4105
2245,2245,4106
2246,2246,4110
2247,2247,4111
2248,2248,4112
2249,2249,4114
2250,2250,4116
2251,2251,4120
2252,2252,4122
2253,2253,4124
2254,2254,4125
2255,2255,4127
2256,2256,4128
2257,2257,4131
2258,2258,4132
2259,2259,4133
2260,2260,4135
2261,2261,4137
2262,2262,4138
2263,2263,4142
2264,2264,4143
2265,2265,4145
2266,2266,4146
2267,2267,4149
2268,2268,4150
2269,2269,4151
2270,2270,4152
2271,2271,4153
2272,2272,4154
2273,2273,4158
2274,2274,4161
2275,2275,4162
2276,2276,4163
2277,2277,4164
2278,2278,4167
2279,2279,4168
2280,2280,4170
2281,2281,4175
2282,2282,4176
2283,2283,4179
2284,2284,4180
2285,2285,4181
2286,2286,4182
2287,2287,4184
2288,2288,4188
2289,2289,4189
2290,2290,4191
2291,2291,4192
2292,2292,4193
2293,2293,4194
2294,2294,4195
2295,2295,4198
2296,2296,4200
2297,2297,4202
2298,2298,4203
2299,2299,4205
2300,2300,4206
2301,2301,4207
2302,2302,4208
2303,2303,4210
2304,2304,4212
2305,2305,4215
2306,2306,4216
2307,2307,4217
2308,2308,4219
2309,2309,4221
2310,2310,4223
2311,2311,4224
2312,2312,4225
2313,2313,4231
2314,2314,4232
2315,2315,4235
2316,2316,4236
2317,2317,4238
2318,2318,4239
2319,2319,4242
2320,2320,4246
2321,2321,4247
2322,2322,4250
2323,2323,4252
2324,2324,4256
2325,2325,4257
2326,2326,4259
2327,2327,4260
2328,2328,4261
2329,2329,4262
2330,2330,4263
2331,2331,4264
2332,2332,4265
2333,2333,4266
2334,2334,4267
2335,2335,4268
2336,2336,4269
2337,2337,4270
2338,2338,4272
2339,2339,4275
2340,2340,4277
2341,2341,4279
2342,2342,4281
2343,2343,4282
2344,2344,4283
2345,2345,4285
2346,2346,4286
2347,2347,4287
2348,2348,4288
2349,2349,4290
2350,2350,4294
2351,2351,4296
2352,2352,4297
2353,2353,4298
2354,2354,4300
2355,2355,4301
2356,2356,4302
2357,2357,4303
2358,2358,4305
2359,2359,4306
2360,2360,4307
2361,2361,4309
2362,2362,4311
2363,2363,4312
2364,2364,4313
2365,2365,4315
2366,2366,4316
2367,2367,4317
2368,2368,4318
2369,2369,4319
2370,2370,4320
2371,2371,4322
2372,2372,4323
2373,2373,4324
2374,2374,4325
2375,2375,4327
2376,2376,4328
2377,2377,4329
2378,2378,4330
2379,2379,4331
2380,2380,4333
2381,2381,4334
2382,2382,4336
2383,2383,4337
2384,2384,4338
2385,2385,4339
2386,2386,4340
2387,2387,4342
2388,2388,4344
2389,2389,4352
2390,2390,4354
2391,2391,4358
2392,2392,4360
2393,2393,4361
2394,2394,4363
2395,2395,4364
2396,2396,4365
2397,2397,4368
2398,2398,4371
2399,2399,4373
2400,2400,4374
2401,2401,4375
2402,2402,4379
2403,2403,4381
2404,2404,4383
2405,2405,4388
2406,2406,4392
2407,2407,4395
2408,2408,4396
2409,2409,4398
2410,2410,4400
2411,2411,4401
2412,2412,4404
2413,2413,4408
2414,2414,4409
2415,2415,4410
2416,2416,4412
2417,2417,4413
2418,2418,4415
2419,2419,4416
2420,2420,4417
2421,2421,4418
2422,2422,4421
2423,2423,4422
2424,2424,4423
2425,2425,4425
2426,2426,4428
2427,2427,4430
2428,2428,4435
2429,2429,4438
2430,2430,4439
2431,2431,4440
2432,2432,4442
2433,2433,4443
2434,2434,4447
2435,2435,4448
2436,2436,4449
2437,2437,4452
2438,2438,4454
2439,2439,4455
2440,2440,4456
2441,2441,4457
2442,2442,4458
2443,2443,4459
2444,2444,4460
2445,2445,4462
2446,2446,4463
2447,2447,4464
2448,2448,4467
2449,2449,4469
2450,2450,4470
2451,2451,4472
2452,2452,4473
2453,2453,4474
2454,2454,4481
2455,2455,4482
2456,2456,4483
2457,2457,4486
2458,2458,4489
2459,2459,4491
2460,2460,4492
2461,2461,4494
2462,2462,4497
2463,2463,4498
2464,2464,4499
2465,2465,4500
2466,2466,4501
2467,2467,4502
2468,2468,4504
2469,2469,4506
2470,2470,4507
2471,2471,4508
2472,2472,4509
2473,2473,4510
2474,2474,4511
2475,2475,4513
2476,2476,4516
2477,2477,4517
2478,2478,4519
2479,2479,4521
2480,2480,4524
2481,2481,4529
2482,2482,4530
2483,2483,4531
2484,2484,4536
2485,2485,4537
2486,2486,4539
2487,2487,4540
2488,2488,4542
2489,2489,4544
2490,2490,4545
2491,2491,4546
2492,2492,4547
2493,2493,4548
2494,2494,4550
2495,2495,4552
2496,2496,4553
2497,2497,4554
2498,2498,4556
2499,2499,4558
2500,2500,4559
2501,2501,4561
2502,2502,4564
2503,2503,4566
2504,2504,4569
2505,2505,4570
2506,2506,4571
2507,2507,4572
2508,2508,4573
2509,2509,4575
2510,2510,4576
2511,2511,4580
2512,2512,4582
2513,2513,4583
2514,2514,4585
2515,2515,4586
2516,2516,4587
2517,2517,4588
2518,2518,4590
2519,2519,4591
2520,2520,4592
2521,2521,4595
2522,2522,4596
2523,2523,4597
2524,2524,4598
2525,2525,4602
2526,2526,4603
2527,2527,4605
2528,2528,4607
2529,2529,4608
2530,2530,4610
2531,2531,4611
2532,2532,4613
2533,2533,4615
2534,2534,4616
2535,2535,4618
2536,2536,4619
2537,2537,4620
2538,2538,4622
2539,2539,4623
2540,2540,4625
2541,2541,4626
2542,2542,4627
2543,2543,4628
2544,2544,4630
2545,2545,4632
2546,2546,4633
2547,2547,4634
2548,2548,4635
2549,2549,4637
2550,2550,4640
2551,2551,4642
2552,2552,4643
2553,2553,4644
2554,2554,4647
2555,2555,4653
2556,2556,4655
2557,2557,4656
2558,2558,4657
2559,2559,4658
2560,2560,4664
2561,2561,4665
2562,2562,4666
2563,2563,4670
2564,2564,4673
2565,2565,4674
2566,2566,4675
2567,2567,4676
2568,2568,4678
2569,2569,4679
2570,2570,4680
2571,2571,4681
2572,2572,4682
2573,2573,4684
2574,2574,4685
2575,2575,4686
2576,2576,4687
2577,2577,4688
2578,2578,4692
2579,2579,4693
2580,2580,4694
2581,2581,4696
2582,2582,4697
2583,2583,4698
2584,2584,4699
2585,2585,4700
2586,2586,4701
2587,2587,4702
2588,2588,4704
2589,2589,4706
2590,2590,4707
2591,2591,4708
2592,2592,4711
2593,2593,4714
2594,2594,4715
2595,2595,4718
2596,2596,4720
2597,2597,4721
2598,2598,4722
2599,2599,4724
2600,2600,4726
2601,2601,4729
2602,2602,4730
2603,2603,4734
2604,2604,4735
2605,2605,4740
2606,2606,4741
2607,2607,4744
2608,2608,4745
2609,2609,4746
2610,2610,4747
2611,2611,4748
2612,2612,4749
2613,2613,4751
2614,2614,4752
2615,2615,4753
2616,2616,4754
2617,2617,4755
2618,2618,4756
2619,2619,4759
2620,2620,4761
2621,2621,4762
2622,2622,4763
2623,2623,4765
2624,2624,4766
2625,2625,4767
2626,2626,4768
2627,2627,4769
2628,2628,4772
2629,2629,4775
2630,2630,4777
2631,2631,4779
2632,2632,4780
2633,2633,4782
2634,2634,4783
2635,2635,4784
2636,2636,4786
2637,2637,4787
2638,2638,4788
2639,2639,4789
2640,2640,4791
2641,2641,4792
2642,2642,4793
2643,2643,4794
2644,2644,4795
2645,2645,4796
2646,2646,4797
2647,2647,4798
2648,2648,4801
2649,2649,4806
2650,2650,4810
2651,2651,4811
2652,2652,4812
2653,2653,4813
2654,2654,4814
2655,2655,4816
2656,2656,4817
2657,2657,4818
2658,2658,4820
2659,2659,4822
2660,2660,4824
2661,2661,4825
2662,2662,4827
2663,2663,4828
2664,2664,4833
2665,2665,4837
2666,2666,4839
2667,2667,4841
2668,2668,4842
2669,2669,4844
2670,2670,4847
2671,2671,4848
2672,2672,4849
2673,2673,4851
2674,2674,4853
2675,2675,4855
2676,2676,4856
2677,2677,4860
2678,2678,4861
2679,2679,4862
2680,2680,4863
2681,2681,4865
2682,2682,4867
2683,2683,4868
2684,2684,4869
2685,2685,4870
2686,2686,4873
2687,2687,4875
2688,2688,4877
2689,2689,4879
2690,2690,4882
2691,2691,4883
2692,2692,4885
2693,2693,4886
2694,2694,4887
2695,2695,4888
2696,2696,4889
2697,2697,4890
2698,2698,4892
2699,2699,4894
2700,2700,4895
2701,2701,4896
2702,2702,4897
2703,2703,4899
2704,2704,4901
2705,2705,4905
2706,2706,4906
2707,2707,4909
2708,2708,4910
2709,2709,4911
2710,2710,4913
2711,2711,4916
2712,2712,4918
2713,2713,4920
2714,2714,4926
2715,2715,4929
2716,2716,4932
2717,2717,4933
2718,2718,4935
2719,2719,4936
2720,2720,4937
2721,2721,4938
2722,2722,4940
2723,2723,4941
2724,2724,4942
2725,2725,4943
2726,2726,4944
2727,2727,4946
2728,2728,4950
2729,2729,4951
2730,2730,4953
2731,2731,4956
2732,2732,4957
2733,2733,4960
2734,2734,4962
2735,2735,4964
2736,2736,4965
2737,2737,4967
2738,2738,4969
2739,2739,4972
2740,2740,4975
2741,2741,4976
2742,2742,4977
2743,2743,4980
2744,2744,4982
2745,2745,4986
2746,2746,4988
2747,2747,4992
2748,2748,4993
2749,2749,4997
2750,2750,4999
2751,2751,5000
2752,2752,5001
2753,2753,5004
2754,2754,5006
2755,2755,5008
2756,2756,5012
2757,2757,5016
2758,2758,5017
2759,2759,5020
2760,2760,5021
2761,2761,5022
2762,2762,5025
2763,2763,5026
2764,2764,5027
2765,2765,5028
2766,2766,5029
2767,2767,5030
2768,2768,5031
2769,2769,5033
2770,2770,5037
2771,2771,5046
2772,2772,5047
2773,2773,5051
2774,2774,5052
2775,2775,5053
2776,2776,5055
2777,2777,5056
2778,2778,5057
2779,2779,5058
2780,2780,5059
2781,2781,5060
2782,2782,5061
2783,2783,5062
2784,2784,5063
2785,2785,5064
2786,2786,5065
2787,2787,5066
2788,2788,5067
2789,2789,5069
2790,2790,5071
2791,2791,5074
2792,2792,5078
2793,2793,5079
2794,2794,5081
2795,2795,5082
2796,2796,5083
2797,2797,5084
2798,2798,5085
2799,2799,5086
2800,2800,5087
2801,2801,5088
2802,2802,5089
2803,2803,5094
2804,2804,5095
2805,2805,5096
2806,2806,5097
2807,2807,5098
2808,2808,5100
2809,2809,5105
2810,2810,5107
2811,2811,5114
2812,2812,5115
2813,2813,5116
2814,2814,5118
2815,2815,5119
2816,2816,5121
2817,2817,5122
2818,2818,5123
2819,2819,5125
2820,2820,5127
2821,2821,5128
2822,2822,5133
2823,2823,5134
2824,2824,5137
2825,2825,5138
2826,2826,5144
2827,2827,5147
2828,2828,5149
2829,2829,5150
2830,2830,5151
2831,2831,5152
2832,2832,5153
2833,2833,5155
2834,2834,5158
2835,2835,5159
2836,2836,5160
2837,2837,5161
2838,2838,5162
2839,2839,5163
2840,2840,5166
2841,2841,5167
2842,2842,5171
2843,2843,5174
2844,2844,5176
2845,2845,5181
2846,2846,5184
2847,2847,5185
2848,2848,5188
2849,2849,5191
2850,2850,5194
2851,2851,5196
2852,2852,5198
2853,2853,5200
2854,2854,5202
2855,2855,5204
2856,2856,5205
2857,2857,5206
2858,2858,5207
2859,2859,5208
2860,2860,5209
2861,2861,5210
2862,2862,5211
2863,2863,5217
2864,2864,5218
2865,2865,5219
2866,2866,5227
2867,2867,5228
2868,2868,5231
2869,2869,5235
2870,2870,5237
2871,2871,5240
2872,2872,5241
2873,2873,5242
2874,2874,5243
2875,2875,5244
2876,2876,5246
2877,2877,5247
2878,2878,5250
2879,2879,5251
2880,2880,5252
2881,2881,5255
2882,2882,5257
2883,2883,5258
2884,2884,5261
2885,2885,5263
2886,2886,5266
2887,2887,5268
2888,2888,5269
2889,2889,5270
2890,2890,5271
2891,2891,5273
2892,2892,5274
2893,2893,5275
2894,2894,5283
2895,2895,5284
2896,2896,5285
2897,2897,5286
2898,2898,5287
2899,2899,5289
2900,2900,5292
2901,2901,5293
2902,2902,5295
2903,2903,5296
2904,2904,5298
2905,2905,5300
2906,2906,5309
2907,2907,5311
2908,2908,5312
2909,2909,5313
2910,2910,5316
2911,2911,5317
2912,2912,5319
2913,2913,5320
2914,2914,5321
2915,2915,5322
2916,2916,5323
2917,2917,5324
2918,2918,5329
2919,2919,5330
2920,2920,5331
2921,2921,5333
2922,2922,5337
2923,2923,5340
2924,2924,5341
2925,2925,5344
2926,2926,5345
2927,2927,5347
2928,2928,5349
2929,2929,5350
2930,2930,5352
2931,2931,5353
2932,2932,5354
2933,2933,5356
2934,2934,5358
2935,2935,5364
2936,2936,5365
2937,2937,5369
2938,2938,5371
2939,2939,5372
2940,2940,5378
2941,2941,5380
2942,2942,5381
2943,2943,5383
2944,2944,5388
2945,2945,5389
2946,2946,5391
2947,2947,5392
2948,2948,5393
2949,2949,5395
2950,2950,5396
2951,2951,5397
2952,2952,5398
2953,2953,5401
2954,2954,5402
2955,2955,5403
2956,2956,5404
2957,2957,5405
2958,2958,5406
2959,2959,5407
2960,2960,5408
2961,2961,5411
2962,2962,5412
2963,2963,5414
2964,2964,5417
2965,2965,5418
2966,2966,5419
2967,2967,5423
2968,2968,5425
2969,2969,5426
2970,2970,5428
2971,2971,5429
2972,2972,5431
2973,2973,5432
2974,2974,5433
2975,2975,5434
2976,2976,5435
2977,2977,5438
2978,2978,5439
2979,2979,5440
2980,2980,5442
2981,2981,5449
2982,2982,5452
2983,2983,5455
2984,2984,5456
2985,2985,5457
2986,2986,5459
2987,2987,5460
2988,2988,5462
2989,2989,5463
2990,2990,5464
2991,2991,5467
2992,2992,5468
2993,2993,5472
2994,2994,5476
2995,2995,5477
2996,2996,5478
2997,2997,5479
2998,2998,5482
2999,2999,5485
3000,3000,5488
3001,3001,5492
3002,3002,5493
3003,3003,5497
3004,3004,5498
3005,3005,5500
3006,3006,5501
3007,3007,5502
3008,3008,5503
3009,3009,5505
3010,3010,5506
3011,3011,5508
3012,3012,5509
3013,3013,5510
3014,3014,5511
3015,3015,5512
3016,3016,5513
3017,3017,5514
3018,3018,5516
3019,3019,5519
3020,3020,5522
3021,3021,5524
3022,3022,5528
3023,3023,5532
3024,3024,5535
3025,3025,5536
3026,3026,5537
3027,3027,5539
3028,3028,5542
3029,3029,5543
3030,3030,5544
3031,3031,5546
3032,3032,5552
3033,3033,5554
3034,3034,5556
3035,3035,5557
3036,3036,5558
3037,3037,5561
3038,3038,5562
3039,3039,5564
3040,3040,5567
3041,3041,5568
3042,3042,5570
3043,3043,5571
3044,3044,5572
3045,3045,5573
3046,3046,5574
3047,3047,5576
3048,3048,5578
3049,3049,5579
3050,3050,5581
3051,3051,5582
3052,3052,5587
3053,3053,5588
3054,3054,5594
3055,3055,5595
3056,3056,5596
3057,3057,5599
3058,3058,5602
3059,3059,5604
3060,3060,5605
3061,3061,5609
3062,3062,5610
3063,3063,5613
3064,3064,5614
3065,3065,5615
3066,3066,5616
3067,3067,5617
3068,3068,5618
3069,3069,5620
3070,3070,5621
3071,3071,5622
3072,3072,5623
3073,3073,5624
3074,3074,5627
3075,3075,5631
3076,3076,5632
3077,3077,5635
3078,3078,5636
3079,3079,5640
3080,3080,5641
3081,3081,5642
3082,3082,5644
3083,3083,5646
3084,3084,5647
3085,3085,5651
3086,3086,5652
3087,3087,5653
3088,3088,5654
3089,3089,5655
3090,3090,5656
3091,3091,5657
3092,3092,5658
3093,3093,5659
3094,3094,5661
3095,3095,5664
3096,3096,5666
3097,3097,5670
3098,3098,5674
3099,3099,5675
3100,3100,5676
3101,3101,5679
3102,3102,5681
3103,3103,5683
3104,3104,5684
3105,3105,5686
3106,3106,5688
3107,3107,5689
3108,3108,5690
3109,3109,5691
3110,3110,5693
3111,3111,5694
3112,3112,5696
3113,3113,5697
3114,3114,5702
3115,3115,5705
3116,3116,5706
3117,3117,5710
3118,3118,5712
3119,3119,5714
3120,3120,5715
3121,3121,5717
3122,3122,5718
3123,3123,5720
3124,3124,5721
3125,3125,5722
3126,3126,5727
3127,3127,5729
3128,3128,5730
3129,3129,5731
3130,3130,5732
3131,3131,5733
3132,3132,5734
3133,3133,5735
3134,3134,5739
3135,3135,5743
3136,3136,5745
3137,3137,5746
3138,3138,5747
3139,3139,5752
3140,3140,5754
3141,3141,5755
3142,3142,5756
3143,3143,5758
3144,3144,5759
3145,3145,5760
3146,3146,5763
3147,3147,5766
3148,3148,5767
3149,3149,5769
3150,3150,5770
3151,3151,5771
3152,3152,5775
3153,3153,5776
3154,3154,5777
3155,3155,5778
3156,3156,5780
3157,3157,5783
3158,3158,5785
3159,3159,5786
3160,3160,5787
3161,3161,5791
3162,3162,5792
3163,3163,5793
3164,3164,5794
3165,3165,5796
3166,3166,5798
3167,3167,5801
3168,3168,5804
3169,3169,5805
3170,3170,5807
3171,3171,5808
3172,3172,5810
3173,3173,5811
3174,3174,5812
3175,3175,5813
3176,3176,5814
3177,3177,5815
3178,3178,5817
3179,3179,5818
3180,3180,5819
3181,3181,5820
3182,3182,5821
3183,3183,5823
3184,3184,5824
3185,3185,5825
3186,3186,5826
3187,3187,5828
3188,3188,5829
3189,3189,5831
3190,3190,5832
3191,3191,5834
3192,3192,5836
3193,3193,5838
3194,3194,5840
3195,3195,5842
3196,3196,5846
3197,3197,5847
3198,3198,5849
3199,3199,5851
3200,3200,5853
3201,3201,5854
3202,3202,5856
3203,3203,5858
3204,3204,5861
3205,3205,5864
3206,3206,5865
3207,3207,5866
3208,3208,5869
3209,3209,5870
3210,3210,5871
3211,3211,5873
3212,3212,5879
3213,3213,5880
3214,3214,5881
3215,3215,5883
3216,3216,5884
3217,3217,5885
3218,3218,5887
3219,3219,5889
3220,3220,5892
3221,3221,5899
3222,3222,5901
3223,3223,5905
3224,3224,5906
3225,3225,5911
3226,3226,5912
3227,3227,5913
3228,3228,5919
3229,3229,5920
3230,3230,5921
3231,3231,5922
3232,3232,5926
3233,3233,5927
3234,3234,5931
3235,3235,5932
3236,3236,5934
3237,3237,5936
3238,3238,5937
3239,3239,5940
3240,3240,5941
3241,3241,5943
3242,3242,5944
3243,3243,5946
3244,3244,5948
3245,3245,5949
3246,3246,5950
3247,3247,5951
3248,3248,5952
3249,3249,5953
3250,3250,5954
3251,3251,5955
3252,3252,5956
3253,3253,5957
3254,3254,5959
3255,3255,5960
3256,3256,5961
3257,3257,5963
3258,3258,5965
3259,3259,5966
3260,3260,5967
3261,3261,5969
3262,3262,5972
3263,3263,5974
3264,3264,5975
3265,3265,5977
3266,3266,5979
3267,3267,5980
3268,3268,5983
3269,3269,5984
3270,3270,5985
3271,3271,5986
3272,3272,5987
3273,3273,5989
3274,3274,5991
3275,3275,5993
3276,3276,5994
3277,3277,5995
3278,3278,5996
3279,3279,5997
3280,3280,6000
3281,3281,6001
3282,3282,6003
3283,3283,6006
3284,3284,6008
3285,3285,6009
3286,3286,6011
3287,3287,6014
3288,3288,6017
3289,3289,6018
3290,3290,6019
3291,3291,6024
3292,3292,6027
3293,3293,6030
3294,3294,6031
3295,3295,6033
3296,3296,6034
3297,3297,6038
3298,3298,6039
3299,3299,6040
3300,3300,6043
3301,3301,6044
3302,3302,6045
3303,3303,6047
3304,3304,6049
3305,3305,6051
3306,3306,6052
3307,3307,6055
3308,3308,6056
3309,3309,6058
3310,3310,6061
3311,3311,6064
3312,3312,6065
3313,3313,6066
3314,3314,6067
3315,3315,6068
3316,3316,6069
3317,3317,6070
3318,3318,6072
3319,3319,6073
3320,3320,6074
3321,3321,6076
3322,3322,6078
3323,3323,6081
3324,3324,6082
3325,3325,6085
3326,3326,6086
3327,3327,6090
3328,3328,6091
3329,3329,6092
3330,3330,6098
3331,3331,6099
3332,3332,6101
3333,3333,6102
3334,3334,6103
3335,3335,6104
3336,3336,6105
3337,3337,6109
3338,3338,6111
3339,3339,6112
3340,3340,6113
3341,3341,6114
3342,3342,6118
3343,3343,6119
3344,3344,6120
3345,3345,6122
3346,3346,6123
3347,3347,6124
3348,3348,6125
3349,3349,6129
3350,3350,6133
3351,3351,6134
3352,3352,6135
3353,3353,6137
3354,3354,6138
3355,3355,6139
3356,3356,6140
3357,3357,6143
3358,3358,6144
3359,3359,6145
3360,3360,6147
3361,3361,6148
3362,3362,6149
3363,3363,6151
3364,3364,6153
3365,3365,6154
3366,3366,6159
3367,3367,6160
3368,3368,6165
3369,3369,6166
3370,3370,6167
3371,3371,6170
3372,3372,6171
3373,3373,6172
3374,3374,6174
3375,3375,6177
3376,3376,6178
3377,3377,6179
3378,3378,6180
3379,3379,6182
3380,3380,6185
3381,3381,6191
3382,3382,6192
3383,3383,6194
3384,3384,6196
3385,3385,6198
3386,3386,6199
3387,3387,6200
3388,3388,6203
3389,3389,6204
3390,3390,6205
3391,3391,6206
3392,3392,6207
3393,3393,6208
3394,3394,6209
3395,3395,6210
3396,3396,6211
3397,3397,6213
3398,3398,6214
3399,3399,6215
3400,3400,6218
3401,3401,6222
3402,3402,6224
3403,3403,6226
3404,3404,6228
3405,3405,6229
3406,3406,6231
3407,3407,6232
3408,3408,6235
3409,3409,6237
3410,3410,6241
3411,3411,6244
3412,3412,6246
3413,3413,6249
3414,3414,6251
3415,3415,6252
3416,3416,6253
3417,3417,6255
3418,3418,6259
3419,3419,6260
3420,3420,6261
3421,3421,6264
3422,3422,6265
3423,3423,6267
3424,3424,6268
3425,3425,6269
3426,3426,6270
3427,3427,6271
3428,3428,6275
3429,3429,6276
3430,3430,6277
3431,3431,6278
3432,3432,6279
3433,3433,6280
3434,3434,6281
3435,3435,6282
3436,3436,6283
3437,3437,6284
3438,3438,6286
3439,3439,6287
3440,3440,6288
3441,3441,6289
3442,3442,6291
3443,3443,6292
3444,3444,6293
3445,3445,6294
3446,3446,6295
3447,3447,6296
3448,3448,6297
3449,3449,6298
3450,3450,6300
3451,3451,6301
3452,3452,6302
3453,3453,6303
3454,3454,6304
3455,3455,6308
3456,3456,6312
3457,3457,6318
3458,3458,6319
3459,3459,6321
3460,3460,6323
3461,3461,6329
3462,3462,6333
3463,3463,6334
3464,3464,6343
3465,3465,6345
3466,3466,6346
3467,3467,6347
3468,3468,6349
3469,3469,6352
3470,3470,6354
3471,3471,6355
3472,3472,6356
3473,3473,6360
3474,3474,6361
3475,3475,6366
3476,3476,6371
3477,3477,6373
3478,3478,6375
3479,3479,6379
3480,3480,6381
3481,3481,6382
3482,3482,6383
3483,3483,6384
3484,3484,6386
3485,3485,6390
3486,3486,6395
3487,3487,6398
3488,3488,6399
3489,3489,6400
3490,3490,6401
3491,3491,6402
3492,3492,6412
3493,3493,6414
3494,3494,6417
3495,3495,6420
3496,3496,6421
3497,3497,6422
3498,3498,6423
3499,3499,6425
3500,3500,6426
3501,3501,6427
3502,3502,6428
3503,3503,6432
3504,3504,6435
3505,3505,6436
3506,3506,6437
3507,3507,6439
3508,3508,6441
3509,3509,6443
3510,3510,6445
3511,3511,6449
3512,3512,6451
3513,3513,6454
3514,3514,6455
3515,3515,6456
3516,3516,6457
3517,3517,6461
3518,3518,6462
3519,3519,6463
3520,3520,6464
3521,3521,6465
3522,3522,6466
3523,3523,6468
3524,3524,6471
3525,3525,6472
3526,3526,6475
3527,3527,6476
3528,3528,6478
3529,3529,6479
3530,3530,6481
3531,3531,6483
3532,3532,6486
3533,3533,6487
3534,3534,6489
3535,3535,6491
3536,3536,6492
3537,3537,6494
3538,3538,6495
3539,3539,6496
3540,3540,6497
3541,3541,6499
3542,3542,6503
3543,3543,6504
3544,3544,6506
3545,3545,6507
3546,3546,6509
3547,3547,6513
3548,3548,6514
3549,3549,6516
3550,3550,6517
3551,3551,6518
3552,3552,6520
3553,3553,6521
3554,3554,6523
3555,3555,6526
3556,3556,6533
3557,3557,6534
3558,3558,6536
3559,3559,6540
3560,3560,6541
3561,3561,6542
3562,3562,6543
3563,3563,6544
3564,3564,6545
3565,3565,6546
3566,3566,6547
3567,3567,6549
3568,3568,6551
3569,3569,6554
3570,3570,6557
3571,3571,6558
3572,3572,6559
3573,3573,6560
3574,3574,6563
3575,3575,6564
3576,3576,6568
3577,3577,6569
3578,3578,6571
3579,3579,6573
3580,3580,6574
3581,3581,6575
3582,3582,6576
3583,3583,6577
3584,3584,6578
3585,3585,6580
3586,3586,6581
3587,3587,6584
3588,3588,6586
3589,3589,6587
3590,3590,6588
3591,3591,6590
3592,3592,6591
3593,3593,6592
3594,3594,6593
3595,3595,6594
3596,3596,6595
3597,3597,6596
3598,3598,6597
3599,3599,6598
3600,3600,6599
3601,3601,6600
3602,3602,6602
3603,3603,6603
3604,3604,6605
3605,3605,6606
3606,3606,6610
3607,3607,6612
3608,3608,6614
3609,3609,6615
3610,3610,6616
3611,3611,6617
3612,3612,6619
3613,3613,6620
3614,3614,6624
3615,3615,6625
3616,3616,6626
3617,3617,6627
3618,3618,6628
3619,3619,6630
3620,3620,6631
3621,3621,6632
3622,3622,6633
3623,3623,6635
3624,3624,6639
3625,3625,6640
3626,3626,6641
3627,3627,6642
3628,3628,6643
3629,3629,6646
3630,3630,6647
3631,3631,6648
3632,3632,6649
3633,3633,6650
3634,3634,6652
3635,3635,6654
3636,3636,6655
3637,3637,6656
3638,3638,6658
3639,3639,6659
3640,3640,6662
3641,3641,6664
3642,3642,6666
3643,3643,6667
3644,3644,6673
3645,3645,6674
3646,3646,6675
3647,3647,6677
3648,3648,6679
3649,3649,6680
3650,3650,6682
3651,3651,6685
3652,3652,6686
3653,3653,6687
3654,3654,6691
3655,3655,6692
3656,3656,6693
3657,3657,6694
3658,3658,6696
3659,3659,6697
3660,3660,6698
3661,3661,6699
3662,3662,6701
3663,3663,6702
3664,3664,6704
3665,3665,6706
3666,3666,6707
3667,3667,6708
3668,3668,6709
3669,3669,6710
3670,3670,6712
3671,3671,6714
3672,3672,6715
3673,3673,6718
3674,3674,6719
3675,3675,6720
3676,3676,6721
3677,3677,6725
3678,3678,6729
3679,3679,6731
3680,3680,6732
3681,3681,6733
3682,3682,6735
3683,3683,6737
3684,3684,6738
3685,3685,6740
3686,3686,6741
3687,3687,6742
3688,3688,6744
3689,3689,6745
3690,3690,6749
3691,3691,6750
3692,3692,6751
3693,3693,6756
3694,3694,6758
3695,3695,6762
3696,3696,6763
3697,3697,6764
3698,3698,6765
3699,3699,6768
3700,3700,6769
3701,3701,6771
3702,3702,6776
3703,3703,6784
3704,3704,6785
3705,3705,6787
3706,3706,6789
3707,3707,6797
3708,3708,6800
3709,3709,6806
3710,3710,6808
3711,3711,6809
3712,3712,6810
3713,3713,6812
3714,3714,6813
3715,3715,6817
3716,3716,6821
3717,3717,6823
3718,3718,6825
3719,3719,6828
3720,3720,6829
3721,3721,6830
3722,3722,6831
3723,3723,6832
3724,3724,6835
3725,3725,6838
3726,3726,6841
3727,3727,6843
3728,3728,6845
3729,3729,6846
3730,3730,6847
3731,3731,6848
3732,3732,6850
3733,3733,6852
3734,3734,6853
3735,3735,6855
3736,3736,6861
3737,3737,6863
3738,3738,6865
3739,3739,6867
3740,3740,6868
3741,3741,6869
3742,3742,6870
3743,3743,6871
3744,3744,6874
3745,3745,6875
3746,3746,6876
3747,3747,6877
3748,3748,6878
3749,3749,6880
3750,3750,6882
3751,3751,6884
3752,3752,6887
3753,3753,6888
3754,3754,6889
3755,3755,6890
3756,3756,6892
3757,3757,6894
3758,3758,6895
3759,3759,6896
3760,3760,6898
3761,3761,6899
3762,3762,6902
3763,3763,6903
3764,3764,6904
3765,3765,6905
3766,3766,6906
3767,3767,6907
3768,3768,6908
3769,3769,6910
3770,3770,6912
3771,3771,6914
3772,3772,6915
3773,3773,6917
3774,3774,6918
3775,3775,6920
3776,3776,6922
3777,3777,6925
3778,3778,6927
3779,3779,6928
3780,3780,6929
3781,3781,6930
3782,3782,6932
3783,3783,6933
3784,3784,6934
3785,3785,6935
3786,3786,6936
3787,3787,6937
3788,3788,6938
3789,3789,6939
3790,3790,6940
3791,3791,6941
3792,3792,6943
3793,3793,6944
3794,3794,6945
3795,3795,6946
3796,3796,6947
3797,3797,6948
3798,3798,6949
3799,3799,6951
3800,3800,6952
3801,3801,6954
3802,3802,6955
3803,3803,6956
3804,3804,6957
3805,3805,6959
3806,3806,6960
3807,3807,6965
3808,3808,6967
3809,3809,6968
3810,3810,6970
3811,3811,6971
3812,3812,6972
3813,3813,6973
3814,3814,6976
3815,3815,6977
3816,3816,6978
3817,3817,6980
3818,3818,6981
3819,3819,6982
3820,3820,6983
3821,3821,6984
3822,3822,6985
3823,3823,6986
3824,3824,6987
3825,3825,6988
3826,3826,6989
3827,3827,6990
3828,3828,6991
3829,3829,6992
3830,3830,6993
3831,3831,6994
3832,3832,6995
3833,3833,6996
3834,3834,6998
3835,3835,6999
3836,3836,7000
3837,3837,7003
3838,3838,7004
3839,3839,7005
3840,3840,7011
3841,3841,7013
3842,3842,7015
3843,3843,7016
3844,3844,7017
3845,3845,7018
3846,3846,7020
3847,3847,7021
3848,3848,7022
3849,3849,7023
3850,3850,7025
3851,3851,7029
3852,3852,7031
3853,3853,7033
3854,3854,7035
3855,3855,7038
3856,3856,7039
3857,3857,7040
3858,3858,7041
3859,3859,7042
3860,3860,7043
3861,3861,7046
3862,3862,7049
3863,3863,7050
3864,3864,7051
3865,3865,7054
3866,3866,7056
3867,3867,7059
3868,3868,7060
3869,3869,7061
3870,3870,7063
3871,3871,7064
3872,3872,7065
3873,3873,7072
3874,3874,7073
3875,3875,7074
3876,3876,7075
3877,3877,7081
3878,3878,7082
3879,3879,7083
3880,3880,7085
3881,3881,7088
3882,3882,7089
3883,3883,7090
3884,3884,7092
3885,3885,7093
3886,3886,7094
3887,3887,7095
3888,3888,7097
3889,3889,7098
3890,3890,7099
3891,3891,7102
3892,3892,7103
3893,3893,7105
3894,3894,7106
3895,3895,7107
3896,3896,7108
3897,3897,7109
3898,3898,7110
3899,3899,7111
3900,3900,7112
3901,3901,7114
3902,3902,7116
3903,3903,7117
3904,3904,7119
3905,3905,7121
3906,3906,7122
3907,3907,7124
3908,3908,7125
3909,3909,7126
3910,3910,7127
3911,3911,7129
3912,3912,7132
3913,3913,7134
3914,3914,7136
3915,3915,7138
3916,3916,7139
3917,3917,7140
3918,3918,7142
3919,3919,7144
3920,3920,7145
3921,3921,7147
3922,3922,7148
3923,3923,7150
3924,3924,7151
3925,3925,7152
3926,3926,7153
3927,3927,7154
3928,3928,7155
3929,3929,7157
3930,3930,7159
3931,3931,7161
3932,3932,7163
3933,3933,7171
3934,3934,7175
3935,3935,7176
3936,3936,7177
3937,3937,7178
3938,3938,7180
3939,3939,7183
3940,3940,7184
3941,3941,7185
3942,3942,7193
3943,3943,7194
3944,3944,7196
3945,3945,7200
3946,3946,7202
3947,3947,7204
3948,3948,7205
3949,3949,7207
3950,3950,7208
3951,3951,7210
3952,3952,7211
3953,3953,7215
3954,3954,7216
3955,3955,7217
3956,3956,7218
3957,3957,7219
3958,3958,7221
3959,3959,7222
3960,3960,7223
3961,3961,7224
3962,3962,7225
3963,3963,7226
3964,3964,7227
3965,3965,7228
3966,3966,7230
3967,3967,7231
3968,3968,7232
3969,3969,7238
3970,3970,7239
3971,3971,7243
3972,3972,7244
3973,3973,7245
3974,3974,7246
3975,3975,7247
3976,3976,7249
3977,3977,7250
3978,3978,7251
3979,3979,7253
3980,3980,7255
3981,3981,7256
3982,3982,7257
3983,3983,7259
3984,3984,7260
3985,3985,7261
3986,3986,7262
3987,3987,7264
3988,3988,7266
3989,3989,7269
3990,3990,7270
3991,3991,7272
3992,3992,7273
3993,3993,7274
3994,3994,7276
3995,3995,7278
3996,3996,7280
3997,3997,7281
3998,3998,7282
3999,3999,7283
4000,4000,7284
4001,4001,7286
4002,4002,7288
4003,4003,7290
4004,4004,7291
4005,4005,7292
4006,4006,7293
4007,4007,7296
4008,4008,7298
4009,4009,7303
4010,4010,7304
4011,4011,7305
4012,4012,7307
4013,4013,7308
4014,4014,7309
4015,4015,7310
4016,4016,7311
4017,4017,7313
4018,4018,7316
4019,4019,7317
4020,4020,7318
4021,4021,7319
4022,4022,7322
4023,4023,7323
4024,4024,7324
4025,4025,7325
4026,4026,7326
4027,4027,7327
4028,4028,7329
4029,4029,7332
4030,4030,7333
4031,4031,7335
4032,4032,7336
4033,4033,7337
4034,4034,7338
4035,4035,7339
4036,4036,7340
4037,4037,7345
4038,4038,7350
4039,4039,7351
4040,4040,7354
4041,4041,7355
4042,4042,7359
4043,4043,7364
4044,4044,7365
4045,4045,7366
4046,4046,7370
4047,4047,7371
4048,4048,7372
4049,4049,7373
4050,4050,7375
4051,4051,7376
4052,4052,7377
4053,4053,7381
4054,4054,7382
4055,4055,7383
4056,4056,7384
4057,4057,7385
4058,4058,7386
4059,4059,7387
4060,4060,7389
4061,4061,7393
4062,4062,7394
4063,4063,7395
4064,4064,7396
4065,4065,7398
4066,4066,7399
4067,4067,7402
4068,4068,7403
4069,4069,7404
4070,4070,7405
4071,4071,7406
4072,4072,7407
4073,4073,7410
4074,4074,7412
4075,4075,7414
4076,4076,7416
4077,4077,7417
4078,4078,7419
4079,4079,7420
4080,4080,7425
4081,4081,7426
4082,4082,7427
4083,4083,7429
4084,4084,7432
4085,4085,7433
4086,4086,7434
4087,4087,7435
4088,4088,7440
4089,4089,7441
4090,4090,7442
4091,4091,7443
4092,4092,7444
4093,4093,7445
4094,4094,7447
4095,4095,7448
4096,4096,7449
4097,4097,7450
4098,4098,7455
4099,4099,7457
4100,4100,7459
4101,4101,7460
4102,4102,7461
4103,4103,7463
4104,4104,7464
4105,4105,7466
4106,4106,7467
4107,4107,7469
4108,4108,7470
4109,4109,7472
4110,4110,7473
4111,4111,7474
4112,4112,7476
4113,4113,7477
4114,4114,7478
4115,4115,7480
4116,4116,7481
4117,4117,7482
4118,4118,7483
4119,4119,7485
4120,4120,7486
4121,4121,7487
4122,4122,7488
4123,4123,7489
4124,4124,7493
4125,4125,7495
4126,4126,7496
4127,4127,7497
4128,4128,7498
4129,4129,7499
4130,4130,7500
4131,4131,7502
4132,4132,7504
4133,4133,7509
4134,4134,7511
4135,4135,7512
4136,4136,7513
4137,4137,7514
4138,4138,7515
4139,4139,7517
4140,4140,7518
4141,4141,7519
4142,4142,7524
4143,4143,7527
4144,4144,7528
4145,4145,7530
4146,4146,7531
4147,4147,7532
4148,4148,7533
4149,4149,7534
4150,4150,7535
4151,4151,7537
4152,4152,7538
4153,4153,7542
4154,4154,7543
4155,4155,7545
4156,4156,7546
4157,4157,7547
4158,4158,7548
4159,4159,7552
4160,4160,7553
4161,4161,7554
4162,4162,7558
4163,4163,7560
4164,4164,7561
4165,4165,7564
4166,4166,7569
4167,4167,7571
4168,4168,7573
4169,4169,7574
4170,4170,7575
4171,4171,7576
4172,4172,7578
4173,4173,7579
4174,4174,7580
4175,4175,7584
4176,4176,7585
4177,4177,7587
4178,4178,7588
4179,4179,7590
4180,4180,7591
4181,4181,7593
4182,4182,7595
4183,4183,7596
4184,4184,7600
4185,4185,7602
4186,4186,7603
4187,4187,7604
4188,4188,7606
4189,4189,7607
4190,4190,7608
4191,4191,7609
4192,4192,7610
4193,4193,7612
4194,4194,7613
4195,4195,7614
4196,4196,7615
4197,4197,7616
4198,4198,7618
4199,4199,7620
4200,4200,7621
4201,4201,7626
4202,4202,7628
4203,4203,7629
4204,4204,7631
4205,4205,7632
4206,4206,7633
4207,4207,7634
4208,4208,7635
4209,4209,7636
4210,4210,7639
4211,4211,7640
4212,4212,7643
4213,4213,7644
4214,4214,7646
4215,4215,7647
4216,4216,7648
4217,4217,7649
4218,4218,7650
4219,4219,7652
4220,4220,7653
4221,4221,7655
4222,4222,7656
4223,4223,7657
4224,4224,7658
4225,4225,7659
4226,4226,7660
4227,4227,7662
4228,4228,7663
4229,4229,7664
4230,4230,7666
4231,4231,7668
4232,4232,7669
4233,4233,7672
4234,4234,7673
4235,4235,7674
4236,4236,7676
4237,4237,7677
4238,4238,7680
4239,4239,7682
4240,4240,7683
4241,4241,7685
4242,4242,7688
4243,4243,7689
4244,4244,7690
4245,4245,7691
4246,4246,7693
4247,4247,7694
4248,4248,7695
4249,4249,7696
4250,4250,7701
4251,4251,7703
4252,4252,7705
4253,4253,7707
4254,4254,7709
4255,4255,7710
4256,4256,7711
4257,4257,7712
4258,4258,7717
4259,4259,7718
4260,4260,7720
4261,4261,7722
4262,4262,7723
4263,4263,7726
4264,4264,7727
4265,4265,7728
4266,4266,7732
4267,4267,7733
4268,4268,7736
4269,4269,7737
4270,4270,7738
4271,4271,7743
4272,4272,7744
4273,4273,7749
4274,4274,7751
4275,4275,7753
4276,4276,7754
4277,4277,7755
4278,4278,7758
4279,4279,7759
4280,4280,7761
4281,4281,7762
4282,4282,7763
4283,4283,7765
4284,4284,7768
4285,4285,7770
4286,4286,7772
4287,4287,7776
4288,4288,7779
4289,4289,7780
4290,4290,7784
4291,4291,7786
4292,4292,7788
4293,4293,7789
4294,4294,7792
4295,4295,7793
4296,4296,7794
4297,4297,7797
4298,4298,7798
4299,4299,7802
4300,4300,7803
4301,4301,7804
4302,4302,7805
4303,4303,7807
4304,4304,7812
4305,4305,7814
4306,4306,7815
4307,4307,7816
4308,4308,7817
4309,4309,7819
4310,4310,7820
4311,4311,7821
4312,4312,7822
4313,4313,7823
4314,4314,7827
4315,4315,7828
4316,4316,7829
4317,4317,7835
4318,4318,7839
4319,4319,7840
4320,4320,7841
4321,4321,7842
4322,4322,7843
4323,4323,7844
4324,4324,7846
4325,4325,7849
4326,4326,7850
4327,4327,7852
4328,4328,7853
4329,4329,7855
4330,4330,7856
4331,4331,7858
4332,4332,7859
4333,4333,7860
4334,4334,7862
4335,4335,7865
4336,4336,7866
4337,4337,7868
4338,4338,7869
4339,4339,7870
4340,4340,7871
4341,4341,7872
4342,4342,7873
4343,4343,7874
4344,4344,7875
4345,4345,7879
4346,4346,7880
4347,4347,7886
4348,4348,7888
4349,4349,7889
4350,4350,7893
4351,4351,7896
4352,4352,7898
4353,4353,7899
4354,4354,7901
4355,4355,7902
4356,4356,7903
4357,4357,7904
4358,4358,7907
4359,4359,7908
4360,4360,7910
4361,4361,7917
4362,4362,7918
4363,4363,7920
4364,4364,7921
4365,4365,7924
4366,4366,7925
4367,4367,7927
4368,4368,7930
4369,4369,7933
4370,4370,7934
4371,4371,7935
4372,4372,7936
4373,4373,7941
4374,4374,7944
4375,4375,7946
4376,4376,7947
4377,4377,7949
4378,4378,7950
4379,4379,7951
4380,4380,7952
4381,4381,7953
4382,4382,7954
4383,4383,7955
4384,4384,7959
4385,4385,7963
4386,4386,7966
4387,4387,7967
4388,4388,7970
4389,4389,7972
4390,4390,7973
4391,4391,7975
4392,4392,7978
4393,4393,7979
4394,4394,7980
4395,4395,7984
4396,4396,7985
4397,4397,7989
4398,4398,7990
4399,4399,7992
4400,4400,7993
4401,4401,7994
4402,4402,7996
4403,4403,7998
4404,4404,7999
4405,4405,8000
4406,4406,8001
4407,4407,8003
4408,4408,8004
4409,4409,8008
4410,4410,8011
4411,4411,8012
4412,4412,8013
4413,4413,8017
4414,4414,8018
4415,4415,8019
4416,4416,8021
4417,4417,8023
4418,4418,8024
4419,4419,8025
4420,4420,8026
4421,4421,8028
4422,4422,8030
4423,4423,8037
4424,4424,8041
4425,4425,8042
4426,4426,8044
4427,4427,8045
4428,4428,8046
4429,4429,8049
4430,4430,8050
4431,4431,8052
4432,4432,8054
4433,4433,8055
4434,4434,8056
4435,4435,8057
4436,4436,8059
4437,4437,8060
4438,4438,8062
4439,4439,8063
4440,4440,8064
4441,4441,8065
4442,4442,8066
4443,4443,8068
4444,4444,8071
4445,4445,8072
4446,4446,8074
4447,4447,8076
4448,4448,8077
4449,4449,8079
4450,4450,8080
4451,4451,8084
4452,4452,8087
4453,4453,8088
4454,4454,8090
4455,4455,8091
4456,4456,8094
4457,4457,8095
4458,4458,8096
4459,4459,8098
4460,4460,8101
4461,4461,8103
4462,4462,8105
4463,4463,8107
4464,4464,8110
4465,4465,8116
4466,4466,8120
4467,4467,8121
4468,4468,8122
4469,4469,8123
4470,4470,8124
4471,4471,8126
4472,4472,8128
4473,4473,8130
4474,4474,8133
4475,4475,8134
4476,4476,8135
4477,4477,8139
4478,4478,8142
4479,4479,8143
4480,4480,8144
4481,4481,8146
4482,4482,8147
4483,4483,8149
4484,4484,8150
4485,4485,8152
4486,4486,8154
4487,4487,8155
4488,4488,8157
4489,4489,8160
4490,4490,8163
4491,4491,8164
4492,4492,8166
4493,4493,8167
4494,4494,8171
4495,4495,8173
4496,4496,8174
4497,4497,8176
4498,4498,8177
4499,4499,8181
4500,4500,8182
4501,4501,8183
4502,4502,8184
4503,4503,8188
4504,4504,8190
4505,4505,8191
4506,4506,8192
4507,4507,8193
4508,4508,8194
4509,4509,8196
4510,4510,8203
4511,4511,8204
4512,4512,8206
4513,4513,8207
4514,4514,8209
4515,4515,8210
4516,4516,8211
4517,4517,8212
4518,4518,8213
4519,4519,8214
4520,4520,8215
4521,4521,8218
4522,4522,8219
4523,4523,8221
4524,4524,8222
4525,4525,8224
4526,4526,8225
4527,4527,8227
4528,4528,8228
4529,4529,8230
4530,4530,8235
4531,4531,8240
4532,4532,8244
4533,4533,8245
4534,4534,8249
4535,4535,8250
4536,4536,8252
4537,4537,8256
4538,4538,8257
4539,4539,8258
4540,4540,8259
4541,4541,8260
4542,4542,8261
4543,4543,8262
4544,4544,8263
4545,4545,8264
4546,4546,8269
4547,4547,8270
4548,4548,8272
4549,4549,8273
4550,4550,8276
4551,4551,8281
4552,4552,8282
4553,4553,8285
4554,4554,8290
4555,4555,8291
4556,4556,8292
4557,4557,8295
4558,4558,8296
4559,4559,8301
4560,4560,8302
4561,4561,8304
4562,4562,8305
4563,4563,8307
4564,4564,8308
4565,4565,8311
4566,4566,8312
4567,4567,8313
4568,4568,8314
4569,4569,8316
4570,4570,8318
4571,4571,8319
4572,4572,8320
4573,4573,8324
4574,4574,8325
4575,4575,8329
4576,4576,8330
4577,4577,8335
4578,4578,8336
4579,4579,8337
4580,4580,8339
4581,4581,8340
4582,4582,8345
4583,4583,8346
4584,4584,8349
4585,4585,8355
4586,4586,8357
4587,4587,8358
4588,4588,8359
4589,4589,8360
4590,4590,8362
4591,4591,8363
4592,4592,8364
4593,4593,8365
4594,4594,8366
4595,4595,8367
4596,4596,8371
4597,4597,8373
4598,4598,8378
4599,4599,8379
4600,4600,8380
4601,4601,8385
4602,4602,8386
4603,4603,8388
4604,4604,8390
4605,4605,8392
4606,4606,8393
4607,4607,8397
4608,4608,8403
4609,4609,8405
4610,4610,8410
4611,4611,8411
4612,4612,8412
4613,4613,8413
4614,4614,8414
4615,4615,8417
4616,4616,8419
4617,4617,8420
4618,4618,8421
4619,4619,8428
4620,4620,8429
4621,4621,8435
4622,4622,8436
4623,4623,8437
4624,4624,8438
4625,4625,8439
4626,4626,8442
4627,4627,8444
4628,4628,8445
4629,4629,8447
4630,4630,8448
4631,4631,8450
4632,4632,8451
4633,4633,8452
4634,4634,8453
4635,4635,8454
4636,4636,8457
4637,4637,8458
4638,4638,8459
4639,4639,8460
4640,4640,8461
4641,4641,8469
4642,4642,8472
4643,4643,8473
4644,4644,8475
4645,4645,8477
4646,4646,8479
4647,4647,8480
4648,4648,8481
4649,4649,8483
4650,4650,8484
4651,4651,8487
4652,4652,8489
4653,4653,8493
4654,4654,8495
4655,4655,8499
4656,4656,8501
4657,4657,8506
4658,4658,8509
4659,4659,8511
4660,4660,8512
4661,4661,8513
4662,4662,8514
4663,4663,8515
4664,4664,8519
4665,4665,8520
4666,4666,8521
4667,4667,8522
4668,4668,8523
4669,4669,8524
4670,4670,8526
4671,4671,8527
4672,4672,8529
4673,4673,8535
4674,4674,8536
4675,4675,8537
4676,4676,8540
4677,4677,8541
4678,4678,8543
4679,4679,8544
4680,4680,8545
4681,4681,8546
4682,4682,8547
4683,4683,8549
4684,4684,8550
4685,4685,8552
4686,4686,8553
4687,4687,8554
4688,4688,8555
4689,4689,8556
4690,4690,8557
4691,4691,8558
4692,4692,8559
4693,4693,8560
4694,4694,8561
4695,4695,8562
4696,4696,8565
4697,4697,8568
4698,4698,8569
4699,4699,8570
4700,4700,8573
4701,4701,8574
4702,4702,8578
4703,4703,8579
4704,4704,8581
4705,4705,8582
4706,4706,8583
4707,4707,8589
4708,4708,8590
4709,4709,8592
4710,4710,8596
4711,4711,8597
4712,4712,8601
4713,4713,8605
4714,4714,8608
4715,4715,8609
4716,4716,8610
4717,4717,8611
4718,4718,8615
4719,4719,8616
4720,4720,8618
4721,4721,8619
4722,4722,8620
4723,4723,8623
4724,4724,8624
4725,4725,8625
4726,4726,8628
4727,4727,8629
4728,4728,8630
4729,4729,8631
4730,4730,8633
4731,4731,8634
4732,4732,8635
4733,4733,8638
4734,4734,8639
4735,4735,8645
4736,4736,8646
4737,4737,8647
4738,4738,8650
4739,4739,8651
4740,4740,8652
4741,4741,8653
4742,4742,8655
4743,4743,8656
4744,4744,8660
4745,4745,8661
4746,4746,8662
4747,4747,8668
4748,4748,8669
4749,4749,8670
4750,4750,8671
4751,4751,8672
4752,4752,8673
4753,4753,8674
4754,4754,8675
4755,4755,8678
4756,4756,8680
4757,4757,8681
4758,4758,8682
4759,4759,8685
4760,4760,8686
4761,4761,8687
4762,4762,8688
4763,4763,8691
4764,4764,8692
4765,4765,8693
4766,4766,8694
4767,4767,8695
4768,4768,8696
4769,4769,8697
4770,4770,8698
4771,4771,8701
4772,4772,8703
4773,4773,8704
4774,4774,8705
4775,4775,8706
4776,4776,8707
4777,4777,8708
4778,4778,8709
4779,4779,8710
4780,4780,8711
4781,4781,8712
4782,4782,8714
4783,4783,8716
4784,4784,8717
4785,4785,8718
4786,4786,8720
4787,4787,8721
4788,4788,8723
4789,4789,8724
4790,4790,8725
4791,4791,8727
4792,4792,8731
4793,4793,8733
4794,4794,8736
4795,4795,8737
4796,4796,8738
4797,4797,8739
4798,4798,8741
4799,4799,8742
4800,4800,8743
4801,4801,8745
4802,4802,8747
4803,4803,8749
4804,4804,8750
4805,4805,8751
4806,4806,8752
4807,4807,8754
4808,4808,8759
4809,4809,8760
4810,4810,8761
4811,4811,8762
4812,4812,8763
4813,4813,8764
4814,4814,8765
4815,4815,8766
4816,4816,8767
4817,4817,8768
4818,4818,8769
4819,4819,8770
4820,4820,8771
4821,4821,8773
4822,4822,8774
4823,4823,8775
4824,4824,8776
4825,4825,8784
4826,4826,8785
4827,4827,8786
4828,4828,8787
4829,4829,8789
4830,4830,8790
4831,4831,8792
4832,4832,8796
4833,4833,8797
4834,4834,8800
4835,4835,8801
4836,4836,8802
4837,4837,8803
4838,4838,8805
4839,4839,8807
4840,4840,8808
4841,4841,8810
4842,4842,8811
4843,4843,8812
4844,4844,8813
4845,4845,8815
4846,4846,8816
4847,4847,8817
4848,4848,8818
4849,4849,8819
4850,4850,8820
4851,4851,8821
4852,4852,8822
4853,4853,8825
4854,4854,8827
4855,4855,8829
4856,4856,8830
4857,4857,8831
4858,4858,8832
4859,4859,8833
4860,4860,8835
4861,4861,8836
4862,4862,8838
4863,4863,8839
4864,4864,8840
4865,4865,8841
4866,4866,8842
4867,4867,8843
4868,4868,8844
4869,4869,8845
4870,4870,8846
4871,4871,8847
4872,4872,8850
4873,4873,8852
4874,4874,8853
4875,4875,8855
4876,4876,8856
4877,4877,8857
4878,4878,8858
4879,4879,8860
4880,4880,8862
4881,4881,8865
4882,4882,8869
4883,4883,8871
4884,4884,8872
4885,4885,8875
4886,4886,8877
4887,4887,8879
4888,4888,8880
4889,4889,8885
4890,4890,8887
4891,4891,8888
4892,4892,8892
4893,4893,8893
4894,4894,8895
4895,4895,8899
4896,4896,8900
4897,4897,8903
4898,4898,8904
4899,4899,8906
4900,4900,8908
4901,4901,8921
4902,4902,8923
4903,4903,8925
4904,4904,8927
4905,4905,8928
4906,4906,8931
4907,4907,8933
4908,4908,8934
4909,4909,8937
4910,4910,8940
4911,4911,8941
4912,4912,8942
4913,4913,8944
4914,4914,8947
4915,4915,8949
4916,4916,8950
4917,4917,8951
4918,4918,8952
4919,4919,8953
4920,4920,8955
4921,4921,8956
4922,4922,8957
4923,4923,8958
4924,4924,8961
4925,4925,8962
4926,4926,8966
4927,4927,8968
4928,4928,8969
4929,4929,8972
4930,4930,8973
4931,4931,8974
4932,4932,8975
4933,4933,8976
4934,4934,8977
4935,4935,8978
4936,4936,8979
4937,4937,8980
4938,4938,8984
4939,4939,8985
4940,4940,8987
4941,4941,8988
4942,4942,8990
4943,4943,8991
4944,4944,8992
4945,4945,8993
4946,4946,8994
4947,4947,8995
4948,4948,8997
4949,4949,9001
4950,4950,9002
4951,4951,9004
4952,4952,9009
4953,4953,9011
4954,4954,9013
4955,4955,9014
4956,4956,9019
4957,4957,9021
4958,4958,9026
4959,4959,9027
4960,4960,9028
4961,4961,9030
4962,4962,9031
4963,4963,9032
4964,4964,9038
4965,4965,9041
4966,4966,9047
4967,4967,9049
4968,4968,9051
4969,4969,9053
4970,4970,9054
4971,4971,9058
4972,4972,9060
4973,4973,9061
4974,4974,9063
4975,4975,9064
4976,4976,9065
4977,4977,9066
4978,4978,9069
4979,4979,9070
4980,4980,9071
4981,4981,9072
4982,4982,9075
4983,4983,9076
4984,4984,9077
4985,4985,9078
4986,4986,9079
4987,4987,9080
4988,4988,9081
4989,4989,9082
4990,4990,9084
4991,4991,9085
4992,4992,9086
4993,4993,9090
4994,4994,9092
4995,4995,9093
4996,4996,9095
4997,4997,9097
4998,4998,9099
4999,4999,9101
5000,5000,9102
5001,5001,9103
5002,5002,9104
5003,5003,9105
5004,5004,9106
5005,5005,9108
5006,5006,9109
5007,5007,9110
5008,5008,9111
5009,5009,9112
5010,5010,9116
5011,5011,9117
5012,5012,9120
5013,5013,9122
5014,5014,9123
5015,5015,9124
5016,5016,9125
5017,5017,9127
5018,5018,9129
5019,5019,9135
5020,5020,9140
5021,5021,9141
5022,5022,9144
5023,5023,9145
5024,5024,9150
5025,5025,9156
5026,5026,9158
5027,5027,9159
5028,5028,9164
5029,5029,9165
5030,5030,9167
5031,5031,9169
5032,5032,9170
5033,5033,9171
5034,5034,9173
5035,5035,9175
5036,5036,9177
5037,5037,9180
5038,5038,9181
5039,5039,9182
5040,5040,9185
5041,5041,9190
5042,5042,9191
5043,5043,9192
5044,5044,9193
5045,5045,9194
5046,5046,9198
5047,5047,9201
5048,5048,9202
5049,5049,9209
5050,5050,9210
5051,5051,9212
5052,5052,9214
5053,5053,9221
5054,5054,9224
5055,5055,9225
5056,5056,9227
5057,5057,9228
5058,5058,9229
5059,5059,9230
5060,5060,9231
5061,5061,9234
5062,5062,9235
5063,5063,9236
5064,5064,9237
5065,5065,9238
5066,5066,9242
5067,5067,9243
5068,5068,9244
5069,5069,9245
5070,5070,9246
5071,5071,9247
5072,5072,9248
5073,5073,9252
5074,5074,9254
5075,5075,9256
5076,5076,9258
5077,5077,9261
5078,5078,9262
5079,5079,9267
5080,5080,9270
5081,5081,9271
5082,5082,9272
5083,5083,9274
5084,5084,9276
5085,5085,9277
5086,5086,9282
5087,5087,9283
5088,5088,9285
5089,5089,9287
5090,5090,9288
5091,5091,9290
5092,5092,9291
5093,5093,9292
5094,5094,9295
5095,5095,9296
5096,5096,9297
5097,5097,9298
5098,5098,9299
5099,5099,9301
5100,5100,9305
5101,5101,9307
5102,5102,9309
5103,5103,9311
5104,5104,9312
5105,5105,9313
5106,5106,9314
5107,5107,9315
5108,5108,9316
5109,5109,9317
5110,5110,9318
5111,5111,9320
5112,5112,9321
5113,5113,9325
5114,5114,9326
5115,5115,9327
5116,5116,9328
5117,5117,9334
5118,5118,9335
5119,5119,9338
5120,5120,9339
5121,5121,9341
5122,5122,9344
5123,5123,9346
5124,5124,9347
5125,5125,9348
5126,5126,9353
5127,5127,9354
5128,5128,9356
5129,5129,9357
5130,5130,9361
5131,5131,9362
5132,5132,9364
5133,5133,9370
5134,5134,9373
5135,5135,9376
5136,5136,9378
5137,5137,9379
5138,5138,9383
5139,5139,9384
5140,5140,9385
5141,5141,9386
5142,5142,9391
5143,5143,9395
5144,5144,9396
5145,5145,9397
5146,5146,9398
5147,5147,9399
5148,5148,9401
5149,5149,9402
5150,5150,9404
5151,5151,9405
5152,5152,9406
5153,5153,9407
5154,5154,9408
5155,5155,9409
5156,5156,9412
5157,5157,9416
5158,5158,9418
5159,5159,9420
5160,5160,9422
5161,5161,9425
5162,5162,9426
5163,5163,9427
5164,5164,9429
5165,5165,9430
5166,5166,9431
5167,5167,9432
5168,5168,9435
5169,5169,9437
5170,5170,9442
5171,5171,9443
5172,5172,9445
5173,5173,9448
5174,5174,9449
5175,5175,9452
5176,5176,9454
5177,5177,9456
5178,5178,9457
5179,5179,9459
5180,5180,9461
5181,5181,9463
5182,5182,9464
5183,5183,9466
5184,5184,9467
5185,5185,9473
5186,5186,9477
5187,5187,9478
5188,5188,9479
5189,5189,9486
5190,5190,9487
5191,5191,9492
5192,5192,9496
5193,5193,9497
5194,5194,9498
5195,5195,9500
5196,5196,9501
5197,5197,9502
5198,5198,9503
5199,5199,9506
5200,5200,9508
5201,5201,9509
5202,5202,9512
5203,5203,9514
5204,5204,9516
5205,5205,9524
5206,5206,9527
5207,5207,9528
5208,5208,9529
5209,5209,9532
5210,5210,9533
5211,5211,9535
5212,5212,9543
5213,5213,9544
5214,5214,9545
5215,5215,9551
5216,5216,9552
5217,5217,9554
5218,5218,9555
5219,5219,9557
5220,5220,9559
5221,5221,9560
5222,5222,9563
5223,5223,9566
5224,5224,9567
5225,5225,9569
5226,5226,9573
5227,5227,9575
5228,5228,9577
5229,5229,9579
5230,5230,9580
5231,5231,9582
5232,5232,9583
5233,5233,9584
5234,5234,9586
5235,5235,9588
5236,5236,9589
5237,5237,9591
5238,5238,9592
5239,5239,9593
5240,5240,9594
5241,5241,9596
5242,5242,9598
5243,5243,9599
5244,5244,9600
5245,5245,9601
5246,5246,9605
5247,5247,9607
5248,5248,9609
5249,5249,9611
5250,5250,9612
5251,5251,9613
5252,5252,9615
5253,5253,9616
5254,5254,9617
5255,5255,9618
5256,5256,9619
5257,5257,9621
5258,5258,9622
5259,5259,9623
5260,5260,9624
5261,5261,9625
5262,5262,9626
5263,5263,9627
5264,5264,9629
5265,5265,9631
5266,5266,9634
5267,5267,9635
5268,5268,9636
5269,5269,9637
5270,5270,9638
5271,5271,9639
5272,5272,9640
5273,5273,9641
5274,5274,9642
5275,5275,9645
5276,5276,9646
5277,5277,9648
5278,5278,9650
5279,5279,9653
5280,5280,9657
5281,5281,9660
5282,5282,9661
5283,5283,9665
5284,5284,9666
5285,5285,9667
5286,5286,9669
5287,5287,9672
5288,5288,9673
5289,5289,9674
5290,5290,9675
5291,5291,9677
5292,5292,9678
5293,5293,9679
5294,5294,9680
5295,5295,9681
5296,5296,9683
5297,5297,9686
5298,5298,9687
5299,5299,9689
5300,5300,9690
5301,5301,9691
5302,5302,9692
5303,5303,9694
5304,5304,9696
5305,5305,9700
5306,5306,9702
5307,5307,9703
5308,5308,9705
5309,5309,9706
5310,5310,9710
5311,5311,9711
5312,5312,9714
5313,5313,9715
5314,5314,9716
5315,5315,9717
5316,5316,9718
5317,5317,9719
5318,5318,9720
5319,5319,9723
5320,5320,9726
5321,5321,9727
5322,5322,9728
5323,5323,9730
5324,5324,9733
5325,5325,9734
5326,5326,9735
5327,5327,9737
5328,5328,9739
5329,5329,9740
5330,5330,9743
5331,5331,9745
5332,5332,9747
5333,5333,9749
5334,5334,9752
5335,5335,9754
5336,5336,9755
5337,5337,9759
5338,5338,9760
5339,5339,9762
5340,5340,9764
5341,5341,9766
5342,5342,9768
5343,5343,9769
5344,5344,9771
5345,5345,9772
5346,5346,9774
5347,5347,9775
5348,5348,9778
5349,5349,9782
5350,5350,9784
5351,5351,9785
5352,5352,9786
5353,5353,9788
5354,5354,9789
5355,5355,9792
5356,5356,9793
5357,5357,9794
5358,5358,9797
5359,5359,9798
5360,5360,9799
5361,5361,9800
5362,5362,9801
5363,5363,9803
5364,5364,9805
5365,5365,9807
5366,5366,9808
5367,5367,9809
5368,5368,9810
5369,5369,9813
5370,5370,9817
5371,5371,9818
5372,5372,9821
5373,5373,9822
5374,5374,9823
5375,5375,9824
5376,5376,9825
5377,5377,9826
5378,5378,9827
5379,5379,9831
5380,5380,9834
5381,5381,9835
5382,5382,9836
5383,5383,9839
5384,5384,9840
5385,5385,9842
5386,5386,9843
5387,5387,9844
5388,5388,9849
5389,5389,9850
5390,5390,9851
5391,5391,9854
5392,5392,9855
5393,5393,9856
5394,5394,9858
5395,5395,9860
5396,5396,9861
5397,5397,9866
5398,5398,9868
5399,5399,9869
5400,5400,9870
5401,5401,9871
5402,5402,9874
5403,5403,9875
5404,5404,9877
5405,5405,9881
5406,5406,9883
5407,5407,9884
5408,5408,9885
5409,5409,9886
5410,5410,9888
5411,5411,9889
5412,5412,9890
5413,5413,9892
5414,5414,9893
5415,5415,9895
5416,5416,9896
5417,5417,9897
5418,5418,9901
5419,5419,9902
5420,5420,9906
5421,5421,9908
5422,5422,9912
5423,5423,9913
5424,5424,9914
5425,5425,9918
5426,5426,9919
5427,5427,9925
5428,5428,9926
5429,5429,9927
5430,5430,9928
5431,5431,9930
5432,5432,9931
5433,5433,9932
5434,5434,9937
5435,5435,9938
5436,5436,9939
5437,5437,9940
5438,5438,9941
5439,5439,9942
5440,5440,9943
5441,5441,9944
5442,5442,9946
5443,5443,9951
5444,5444,9953
5445,5445,9954
5446,5446,9956
5447,5447,9957
5448,5448,9959
5449,5449,9964
